<?xml version="1.0" encoding="UTF-8" standalone="yes"?>
<ListaDeclaracoes>
    <declaracaoImportacao>
        <adicao>
            <acrescimo>
                <codigoAcrescimo>16</codigoAcrescimo>
                <denominacao>CARGA, DESCARGA E MANUSEIO NA ENTRADA - PAIS DE IMPORTACAO  </denominacao>
                <moedaNegociadaCodigo>790</moedaNegociadaCodigo>
                <moedaNegociadaNome>REAL/BRASIL</moedaNegociadaNome>
                <valorMoedaNegociada>000000000060000</valorMoedaNegociada>
                <valorReais>000000000060000</valorReais>
            </acrescimo>
            <cideValorAliquotaEspecifica>00000000000</cideValorAliquotaEspecifica>
            <cideValorDevido>000000000000000</cideValorDevido>
            <cideValorRecolher>000000000000000</cideValorRecolher>
            <codigoRelacaoCompradorVendedor>1</codigoRelacaoCompradorVendedor>
            <codigoVinculoCompradorVendedor>1</codigoVinculoCompradorVendedor>
            <cofinsAliquotaAdValorem>00965</cofinsAliquotaAdValorem>
            <cofinsAliquotaEspecificaQuantidadeUnidade>000000000</cofinsAliquotaEspecificaQuantidadeUnidade>
            <cofinsAliquotaEspecificaValor>0000000000</cofinsAliquotaEspecificaValor>
            <cofinsAliquotaReduzida>00000</cofinsAliquotaReduzida>
            <cofinsAliquotaValorDevido>000000001439784</cofinsAliquotaValorDevido>
            <cofinsAliquotaValorRecolher>000000001439784</cofinsAliquotaValorRecolher>
            <condicaoVendaIncoterm>CIF</condicaoVendaIncoterm>
            <condicaoVendaLocal>RIO DE JANEIRO</condicaoVendaLocal>
            <condicaoVendaMetodoValoracaoCodigo>01</condicaoVendaMetodoValoracaoCodigo>
            <condicaoVendaMetodoValoracaoNome>METODO 1 - ART. 1 DO ACORDO (DECRETO 92930/86)</condicaoVendaMetodoValoracaoNome>
            <condicaoVendaMoedaCodigo>978</condicaoVendaMoedaCodigo>
            <condicaoVendaMoedaNome>EURO/COM.EUROPEIA</condicaoVendaMoedaNome>
            <condicaoVendaValorMoeda>000000002291520</condicaoVendaValorMoeda>
            <condicaoVendaValorReais>000000014860048</condicaoVendaValorReais>
            <dadosCambiaisCoberturaCambialCodigo>1</dadosCambiaisCoberturaCambialCodigo>
            <dadosCambiaisCoberturaCambialNome>COM COBERTURA CAMBIAL E PAGAMENTO FINAL A PRAZO DE ATE' 180</dadosCambiaisCoberturaCambialNome>
            <dadosCambiaisInstituicaoFinanciadoraCodigo>00</dadosCambiaisInstituicaoFinanciadoraCodigo>
            <dadosCambiaisInstituicaoFinanciadoraNome>N/I</dadosCambiaisInstituicaoFinanciadoraNome>
            <dadosCambiaisMotivoSemCoberturaCodigo>00</dadosCambiaisMotivoSemCoberturaCodigo>
            <dadosCambiaisMotivoSemCoberturaNome>N/I</dadosCambiaisMotivoSemCoberturaNome>
            <dadosCambiaisValorRealCambio>000000000000000</dadosCambiaisValorRealCambio>
            <dadosCargaPaisProcedenciaCodigo>000</dadosCargaPaisProcedenciaCodigo>
            <dadosCargaUrfEntradaCodigo>0000000</dadosCargaUrfEntradaCodigo>
            <dadosCargaViaTransporteCodigo>00</dadosCargaViaTransporteCodigo>
            <dadosMercadoriaAplicacao>REVENDA</dadosMercadoriaAplicacao>
            <dadosMercadoriaCodigoNaladiNCCA>0000000</dadosMercadoriaCodigoNaladiNCCA>
            <dadosMercadoriaCodigoNaladiSH>00000000</dadosMercadoriaCodigoNaladiSH>
            <dadosMercadoriaCodigoNcm>20057000</dadosMercadoriaCodigoNcm>
            <dadosMercadoriaCondicao>NOVA</dadosMercadoriaCondicao>
            <dadosMercadoriaMedidaEstatisticaQuantidade>00001232000000</dadosMercadoriaMedidaEstatisticaQuantidade>
            <dadosMercadoriaMedidaEstatisticaUnidade>QUILOGRAMA LIQUIDO</dadosMercadoriaMedidaEstatisticaUnidade>
            <dadosMercadoriaNomeNcm>- Azeitonas</dadosMercadoriaNomeNcm>
            <dadosMercadoriaPesoLiquido>000001232000000</dadosMercadoriaPesoLiquido>
            <dcrCoeficienteReducao>00000</dcrCoeficienteReducao>
            <dcrIdentificacao>00000000</dcrIdentificacao>
            <dcrValorDevido>000000000000000</dcrValorDevido>
            <dcrValorDolar>000000000000000</dcrValorDolar>
            <dcrValorReal>000000000000000</dcrValorReal>
            <dcrValorRecolher>000000000000000</dcrValorRecolher>
            <fornecedorCidade>PRAIA DA MIRA</fornecedorCidade>
            <fornecedorComplemento>3070-721</fornecedorComplemento>
            <fornecedorEstado>PORTUGAL</fornecedorEstado>
            <fornecedorLogradouro>RUA 25 DE ABRIL</fornecedorLogradouro>
            <fornecedorNome>DOMINABILIDADE, UNIPESSOAL, LDA</fornecedorNome>
            <fornecedorNumero>32</fornecedorNumero>
            <freteMoedaNegociadaCodigo>000</freteMoedaNegociadaCodigo>
            <freteValorMoedaNegociada>000000000077652</freteValorMoedaNegociada>
            <freteValorReais>000000000503557</freteValorReais>
            <iiAcordoTarifarioTipoCodigo>0</iiAcordoTarifarioTipoCodigo>
            <iiAliquotaAcordo>00000</iiAliquotaAcordo>
            <iiAliquotaAdValorem>01400</iiAliquotaAdValorem>
            <iiAliquotaPercentualReducao>00000</iiAliquotaPercentualReducao>
            <iiAliquotaReduzida>00000</iiAliquotaReduzida>
            <iiAliquotaValorCalculado>000000002088806</iiAliquotaValorCalculado>
            <iiAliquotaValorDevido>000000002088806</iiAliquotaValorDevido>
            <iiAliquotaValorRecolher>000000002088806</iiAliquotaValorRecolher>
            <iiAliquotaValorReduzido>000000000000000</iiAliquotaValorReduzido>
            <iiBaseCalculo>000000014920049</iiBaseCalculo>
            <iiFundamentoLegalCodigo>00</iiFundamentoLegalCodigo>
            <iiMotivoAdmissaoTemporariaCodigo>00</iiMotivoAdmissaoTemporariaCodigo>
            <iiRegimeTributacaoCodigo>1</iiRegimeTributacaoCodigo>
            <iiRegimeTributacaoNome>RECOLHIMENTO INTEGRAL</iiRegimeTributacaoNome>
            <ipiAliquotaAdValorem>00000</ipiAliquotaAdValorem>
            <ipiAliquotaEspecificaCapacidadeRecipciente>00000</ipiAliquotaEspecificaCapacidadeRecipciente>
            <ipiAliquotaEspecificaQuantidadeUnidadeMedida>000000000</ipiAliquotaEspecificaQuantidadeUnidadeMedida>
            <ipiAliquotaEspecificaTipoRecipienteCodigo>00</ipiAliquotaEspecificaTipoRecipienteCodigo>
            <ipiAliquotaEspecificaValorUnidadeMedida>0000000000</ipiAliquotaEspecificaValorUnidadeMedida>
            <ipiAliquotaNotaComplementarTIPI>00</ipiAliquotaNotaComplementarTIPI>
            <ipiAliquotaReduzida>00000</ipiAliquotaReduzida>
            <ipiAliquotaValorDevido>000000000000000</ipiAliquotaValorDevido>
            <ipiAliquotaValorRecolher>000000000000000</ipiAliquotaValorRecolher>
            <ipiRegimeTributacaoCodigo>4</ipiRegimeTributacaoCodigo>
            <ipiRegimeTributacaoNome>SEM BENEFICIO</ipiRegimeTributacaoNome>
            <mercadoria>
                <descricaoMercadoria>AZEITONAS GALEGA PORTUGUESA, EM SALMOURA. ACONDICIONADAS EM 616 BARRICAS PLÁSTICAS DE 20KG LIQUIDOS ESCORRIDOS CADA. LOTE: GA200819                                                            &#xD;</descricaoMercadoria>
                <numeroSequencialItem>01</numeroSequencialItem>
                <quantidade>00001232000000</quantidade>
                <unidadeMedida>QUILOGRAMAS         </unidadeMedida>
                <valorUnitario>00000000000018600000</valorUnitario>
            </mercadoria>
            <numeroAdicao>001</numeroAdicao>
            <numeroDI>2018295470</numeroDI>
            <numeroLI>2031268084</numeroLI>
            <paisAquisicaoMercadoriaCodigo>607</paisAquisicaoMercadoriaCodigo>
            <paisAquisicaoMercadoriaNome>PORTUGAL</paisAquisicaoMercadoriaNome>
            <paisOrigemMercadoriaCodigo>607</paisOrigemMercadoriaCodigo>
            <paisOrigemMercadoriaNome>PORTUGAL</paisOrigemMercadoriaNome>
            <pisCofinsBaseCalculoAliquotaICMS>00000</pisCofinsBaseCalculoAliquotaICMS>
            <pisCofinsBaseCalculoFundamentoLegalCodigo>00</pisCofinsBaseCalculoFundamentoLegalCodigo>
            <pisCofinsBaseCalculoPercentualReducao>00000</pisCofinsBaseCalculoPercentualReducao>
            <pisCofinsBaseCalculoValor>000000014920049</pisCofinsBaseCalculoValor>
            <pisCofinsFundamentoLegalReducaoCodigo>00</pisCofinsFundamentoLegalReducaoCodigo>
            <pisCofinsRegimeTributacaoCodigo>1</pisCofinsRegimeTributacaoCodigo>
            <pisCofinsRegimeTributacaoNome>RECOLHIMENTO INTEGRAL</pisCofinsRegimeTributacaoNome>
            <pisPasepAliquotaAdValorem>00210</pisPasepAliquotaAdValorem>
            <pisPasepAliquotaEspecificaQuantidadeUnidade>000000000</pisPasepAliquotaEspecificaQuantidadeUnidade>
            <pisPasepAliquotaEspecificaValor>0000000000</pisPasepAliquotaEspecificaValor>
            <pisPasepAliquotaReduzida>00000</pisPasepAliquotaReduzida>
            <pisPasepAliquotaValorDevido>000000000313321</pisPasepAliquotaValorDevido>
            <pisPasepAliquotaValorRecolher>000000000313321</pisPasepAliquotaValorRecolher>
            <relacaoCompradorVendedor>Fabricante é o Exportador</relacaoCompradorVendedor>
            <seguroMoedaNegociadaCodigo>000</seguroMoedaNegociadaCodigo>
            <seguroValorMoedaNegociada>000000000009165</seguroValorMoedaNegociada>
            <seguroValorReais>000000000059439</seguroValorReais>
            <sequencialRetificacao>00</sequencialRetificacao>
            <valorMultaARecolher>000000000000000</valorMultaARecolher>
            <valorMultaARecolherAjustado>000000000000000</valorMultaARecolherAjustado>
            <valorReaisFreteInternacional>000000000503557</valorReaisFreteInternacional>
            <valorReaisSeguroInternacional>000000000059439</valorReaisSeguroInternacional>
            <valorTotalCondicaoVenda>229152000000</valorTotalCondicaoVenda>
            <vinculoCompradorVendedor>Não há vinculação entre comprador e vendedor.</vinculoCompradorVendedor>
        </adicao>
        <armazem>
            <nomeArmazem>MULTIRIO  </nomeArmazem>
        </armazem>
        <armazenamentoRecintoAduaneiroCodigo>7921303</armazenamentoRecintoAduaneiroCodigo>
        <armazenamentoRecintoAduaneiroNome>INST.PORT.MAR.ALF.USO PUBL.CONS.MULT RIO-T.II-PORTO RJ</armazenamentoRecintoAduaneiroNome>
        <armazenamentoSetor>001</armazenamentoSetor>
        <canalSelecaoParametrizada>001</canalSelecaoParametrizada>
        <caracterizacaoOperacaoCodigoTipo>1</caracterizacaoOperacaoCodigoTipo>
        <caracterizacaoOperacaoDescricaoTipo>Importação Própria</caracterizacaoOperacaoDescricaoTipo>
        <cargaDataChegada>20201014</cargaDataChegada>
        <cargaNumeroAgente>N/I</cargaNumeroAgente>
        <cargaPaisProcedenciaCodigo>607</cargaPaisProcedenciaCodigo>
        <cargaPaisProcedenciaNome>PORTUGAL</cargaPaisProcedenciaNome>
        <cargaPesoBruto>000002094400000</cargaPesoBruto>
        <cargaPesoLiquido>000001232000000</cargaPesoLiquido>
        <cargaUrfEntradaCodigo>0717600</cargaUrfEntradaCodigo>
        <cargaUrfEntradaNome>PORTO DO RIO DE JANEIRO</cargaUrfEntradaNome>
        <conhecimentoCargaEmbarqueData>20201005</conhecimentoCargaEmbarqueData>
        <conhecimentoCargaEmbarqueLocal>SINES</conhecimentoCargaEmbarqueLocal>
        <conhecimentoCargaId>CEMERCANTE31032008</conhecimentoCargaId>
        <conhecimentoCargaIdMaster>132005205708047</conhecimentoCargaIdMaster>
        <conhecimentoCargaTipoCodigo>12</conhecimentoCargaTipoCodigo>
        <conhecimentoCargaTipoNome>HBL - House Bill of Lading</conhecimentoCargaTipoNome>
        <conhecimentoCargaUtilizacao>1</conhecimentoCargaUtilizacao>
        <conhecimentoCargaUtilizacaoNome>Total</conhecimentoCargaUtilizacaoNome>
        <dataDesembaraco>20201116</dataDesembaraco>
        <dataRegistro>20201116</dataRegistro>
        <documentoChegadaCargaCodigoTipo>1</documentoChegadaCargaCodigoTipo>
        <documentoChegadaCargaNome>Manifesto da Carga</documentoChegadaCargaNome>
        <documentoChegadaCargaNumero>1320501875335</documentoChegadaCargaNumero>
        <documentoInstrucaoDespacho>
            <codigoTipoDocumentoDespacho>28</codigoTipoDocumentoDespacho>
            <nomeDocumentoDespacho>CONHECIMENTO DE CARGA                                       </nomeDocumentoDespacho>
            <numeroDocumentoDespacho>HLCULI2200903720         </numeroDocumentoDespacho>
        </documentoInstrucaoDespacho>
        <documentoInstrucaoDespacho>
            <codigoTipoDocumentoDespacho>29</codigoTipoDocumentoDespacho>
            <nomeDocumentoDespacho>ROMANEIO DE CARGA                                           </nomeDocumentoDespacho>
            <numeroDocumentoDespacho>S/N                      </numeroDocumentoDespacho>
        </documentoInstrucaoDespacho>
        <documentoInstrucaoDespacho>
            <codigoTipoDocumentoDespacho>01</codigoTipoDocumentoDespacho>
            <nomeDocumentoDespacho>FATURA COMERCIAL                                            </nomeDocumentoDespacho>
            <numeroDocumentoDespacho>FT 1/122                 </numeroDocumentoDespacho>
        </documentoInstrucaoDespacho>
        <embalagem>
            <codigoTipoEmbalagem>99</codigoTipoEmbalagem>
            <nomeEmbalagem>OUTROS                                                      </nomeEmbalagem>
            <quantidadeVolume>00001</quantidadeVolume>
        </embalagem>
        <freteCollect>000000000009252</freteCollect>
        <freteEmTerritorioNacional>000000000000000</freteEmTerritorioNacional>
        <freteMoedaNegociadaCodigo>978</freteMoedaNegociadaCodigo>
        <freteMoedaNegociadaNome>EURO/COM.EUROPEIA</freteMoedaNegociadaNome>
        <fretePrepaid>000000000068400</fretePrepaid>
        <freteTotalDolares>000000000091799</freteTotalDolares>
        <freteTotalMoeda>77652</freteTotalMoeda>
        <freteTotalReais>000000000503557</freteTotalReais>
        <icms>
            <agenciaIcms>00000</agenciaIcms>
            <bancoIcms>000</bancoIcms>
            <codigoTipoRecolhimentoIcms>3</codigoTipoRecolhimentoIcms>
            <cpfResponsavelRegistro>24514764000</cpfResponsavelRegistro>
            <dataRegistro>20201117</dataRegistro>
            <horaRegistro>093747</horaRegistro>
            <nomeTipoRecolhimentoIcms>Exoneração do ICMS</nomeTipoRecolhimentoIcms>
            <numeroSequencialIcms>001</numeroSequencialIcms>
            <ufIcms>AC</ufIcms>
            <valorTotalIcms>000000000000000</valorTotalIcms>
        </icms>
        <icms>
            <agenciaIcms>00000</agenciaIcms>
            <bancoIcms>000</bancoIcms>
            <codigoTipoRecolhimentoIcms>3</codigoTipoRecolhimentoIcms>
            <cpfResponsavelRegistro>24514764000</cpfResponsavelRegistro>
            <dataRegistro>20201117</dataRegistro>
            <horaRegistro>093804</horaRegistro>
            <nomeTipoRecolhimentoIcms>Exoneração do ICMS</nomeTipoRecolhimentoIcms>
            <numeroSequencialIcms>002</numeroSequencialIcms>
            <ufIcms>RJ</ufIcms>
            <valorTotalIcms>000000000000000</valorTotalIcms>
        </icms>
        <importadorCodigoTipo>1</importadorCodigoTipo>
        <importadorCpfRepresentanteLegal>24514764000</importadorCpfRepresentanteLegal>
        <importadorEnderecoBairro>CAMPO ALEGRE</importadorEnderecoBairro>
        <importadorEnderecoCep>26373270</importadorEnderecoCep>
        <importadorEnderecoComplemento>LOTE: 3; QUADRA: 10</importadorEnderecoComplemento>
        <importadorEnderecoLogradouro>RIO DE JANEIRO</importadorEnderecoLogradouro>
        <importadorEnderecoMunicipio>QUEIMADOS</importadorEnderecoMunicipio>
        <importadorEnderecoNumero>S/N</importadorEnderecoNumero>
        <importadorEnderecoUf>RJ</importadorEnderecoUf>
        <importadorNome>SANES BRASIL AGROINDUSTRIAL LTDA</importadorNome>
        <importadorNomeRepresentanteLegal>ENIO LOPES DE SIQUEIRA</importadorNomeRepresentanteLegal>
        <importadorNumero>03718276000360</importadorNumero>
        <importadorNumeroTelefone>21  26639300</importadorNumeroTelefone>
        <informacaoComplementar>N/REFERENCIA: I-181/20
S/REFERENCIA: SAN-4861
CONHECIMENTO DE CARGA: HLCULI2200903720
ROMANEIO DE CARGA: S/N
FATURA COMERCIAL: FT 1/122
MASTER: HLCULI2200903720
EMISSAO: 05/10/20
CHEGADA: 14/10/20
LOCAL DE EMBARQUE: SINES
VOLUMES 1 OUTROS
CONTAINER: HLBU2342178
******** MOEDAS UTILIZADAS ********
FOB : 978 URO/COM.EUROPE 6,484800000
FRETE : 978 URO/COM.EUROPE 6,484800000
SEGURO: 978 URO/COM.EUROPE 6,484800000
DOLAR : 220 DOLAR DOS EUA 5,485400000
******** RESUMO DE VALORES TOTAIS DO PROCESSO ********
FOB......... R$ 143.570,46 US$ 26.173,20
Acr.Tributo. R$ 600,00 US$ 109,38
Frete Intl.. R$ 4.435,60 US$ 808,62
Seguro...... R$ 594,40 US$ 108,36
Vr.Aduaneiro R$ 149.200,49 US$ 27.199,56
********************** RESUMO DE TRIBUTOS ***********************
BASE DE CALCULO (PIS/COFINS)... R$ 149.200,49
5602-PIS/PASEP ( 2.10% )....... R$ 3.133,21
5629-COFINS ( 9.65% )....... R$ 14.397,85
=================================================================
ADICAO 001 NCM: 2005.70.00
VALOR ADUANEIRO................ R$ 149.200,49
DESPESAS....................... R$ 1.494,60
I.I. ( 14.00% ) ............... R$ 20.888,07
I.P.I. ( 0.00% )............... R$ 0,00
PIS ( 2.10% ).................. R$ 3.133,21
COFINS ( 9.65% )............... R$ 14.397,85
VALOR BASE DO ICMS ( 18% )..... R$ 230.627,10
ICMS ( 18% )................... R$ 41.512,88 (EXONERADO)
=================================================================
******** RESUMO DO CALCULO DO ICMS ********
Valor Total do ICMS ( EXONERADO )........: R$ 41.512,88
=================================================================
=================================================================
******** RESUMO DOS TRIBUTOS RECOLHIDOS ********
Imposto de Importacao.................R$ 20.888,07
Imposto Prod. Industrializados........R$ 0,00
PIS/PASEP.............................R$ 3.133,21
COFINS................................R$ 14.397,85
Taxa de Utilizacao do SISCOMEX........R$ 214,50
Total ................................R$ 38.633,63
-----------------------------------------------------------------
DESPACHANTE ADUANEIRO RUY ROCHA VALVERDE-7D/00027
DESPACHANTE ADUANEIRO ENIO LOPES DE SIQUEIRA-7D/00456
DESPACHANTE ADUANEIRO JANETE SHERIDAN MOREIRA FERREIRA-7D/00523
DESPACHANTE ADUANEIRO EZEQUIEL DAHER DE AZEVEDO-7D/02368
AJUDANTE DE DESPACHANTE ADUANEIRO LUIZ FELIPE NETTO DE
SIQUEIRA-CPF 121.280.267-50
-----------------------------------------------------------------</informacaoComplementar>
        <localDescargaTotalDolares>000000002719956</localDescargaTotalDolares>
        <localDescargaTotalReais>000000014920048</localDescargaTotalReais>
        <localEmbarqueTotalDolares>000000002617322</localEmbarqueTotalDolares>
        <localEmbarqueTotalReais>000000014357049</localEmbarqueTotalReais>
        <modalidadeDespachoCodigo>1</modalidadeDespachoCodigo>
        <modalidadeDespachoNome>Normal</modalidadeDespachoNome>
        <numeroDI>2018295470</numeroDI>
        <operacaoFundap>N</operacaoFundap>
        <pagamento>
            <agenciaPagamento>3437 </agenciaPagamento>
            <bancoPagamento>001</bancoPagamento>
            <codigoReceita>0086</codigoReceita>
            <codigoTipoPagamento>1</codigoTipoPagamento>
            <contaPagamento>            1151924</contaPagamento>
            <dataPagamento>20201116</dataPagamento>
            <nomeTipoPagamento>Débito em Conta</nomeTipoPagamento>
            <numeroRetificacao>00</numeroRetificacao>
            <valorJurosEncargos>000000000</valorJurosEncargos>
            <valorMulta>000000000</valorMulta>
            <valorReceita>000000002088807</valorReceita>
        </pagamento>
        <pagamento>
            <agenciaPagamento>3437 </agenciaPagamento>
            <bancoPagamento>001</bancoPagamento>
            <codigoReceita>5602</codigoReceita>
            <codigoTipoPagamento>1</codigoTipoPagamento>
            <contaPagamento>            1151924</contaPagamento>
            <dataPagamento>20201116</dataPagamento>
            <nomeTipoPagamento>Débito em Conta</nomeTipoPagamento>
            <numeroRetificacao>00</numeroRetificacao>
            <valorJurosEncargos>000000000</valorJurosEncargos>
            <valorMulta>000000000</valorMulta>
            <valorReceita>000000000313321</valorReceita>
        </pagamento>
        <pagamento>
            <agenciaPagamento>3437 </agenciaPagamento>
            <bancoPagamento>001</bancoPagamento>
            <codigoReceita>5629</codigoReceita>
            <codigoTipoPagamento>1</codigoTipoPagamento>
            <contaPagamento>            1151924</contaPagamento>
            <dataPagamento>20201116</dataPagamento>
            <nomeTipoPagamento>Débito em Conta</nomeTipoPagamento>
            <numeroRetificacao>00</numeroRetificacao>
            <valorJurosEncargos>000000000</valorJurosEncargos>
            <valorMulta>000000000</valorMulta>
            <valorReceita>000000001439785</valorReceita>
        </pagamento>
        <pagamento>
            <agenciaPagamento>3437 </agenciaPagamento>
            <bancoPagamento>001</bancoPagamento>
            <codigoReceita>7811</codigoReceita>
            <codigoTipoPagamento>1</codigoTipoPagamento>
            <contaPagamento>            1151924</contaPagamento>
            <dataPagamento>20201116</dataPagamento>
            <nomeTipoPagamento>Débito em Conta</nomeTipoPagamento>
            <numeroRetificacao>00</numeroRetificacao>
            <valorJurosEncargos>000000000</valorJurosEncargos>
            <valorMulta>000000000</valorMulta>
            <valorReceita>000000000021450</valorReceita>
        </pagamento>
        <seguroMoedaNegociadaCodigo>978</seguroMoedaNegociadaCodigo>
        <seguroMoedaNegociadaNome>EURO/COM.EUROPEIA</seguroMoedaNegociadaNome>
        <seguroTotalDolares>000000000010835</seguroTotalDolares>
        <seguroTotalMoedaNegociada>000000000009166</seguroTotalMoedaNegociada>
        <seguroTotalReais>000000000059439</seguroTotalReais>
        <sequencialRetificacao>00</sequencialRetificacao>
        <situacaoEntregaCarga>ENTREGA CONDICIONADA A APRESENTACAO E RETENCAO DOS SEGUINTES DOCUMENTOS: DOCUMENTO DE EXONERACAO DO ICMS</situacaoEntregaCarga>
        <tipoDeclaracaoCodigo>01</tipoDeclaracaoCodigo>
        <tipoDeclaracaoNome>CONSUMO</tipoDeclaracaoNome>
        <totalAdicoes>001</totalAdicoes>
        <urfDespachoCodigo>0717600</urfDespachoCodigo>
        <urfDespachoNome>PORTO DO RIO DE JANEIRO</urfDespachoNome>
        <valorTotalMultaARecolherAjustado>000000000000000</valorTotalMultaARecolherAjustado>
        <viaTransporteCodigo>01</viaTransporteCodigo>
        <viaTransporteMultimodal>N</viaTransporteMultimodal>
        <viaTransporteNome>MARÍTIMA</viaTransporteNome>
        <viaTransporteNomeTransportador>HAPAG-LLOYD</viaTransporteNomeTransportador>
        <viaTransporteNomeVeiculo>SKYROS</viaTransporteNomeVeiculo>
        <viaTransportePaisTransportadorCodigo>105</viaTransportePaisTransportadorCodigo>
        <viaTransportePaisTransportadorNome>BRASIL</viaTransportePaisTransportadorNome>
    </declaracaoImportacao>
</ListaDeclaracoes>
