<?xml version="1.0" encoding="UTF-8" standalone="yes"?>
<ListaDeclaracoes>
    <declaracaoImportacao>
        <adicao>
            <acrescimo>
                <codigoAcrescimo>16</codigoAcrescimo>
                <denominacao>CARGA, DESCARGA E MANUSEIO NA ENTRADA - PAIS DE IMPORTACAO  </denominacao>
                <moedaNegociadaCodigo>220</moedaNegociadaCodigo>
                <moedaNegociadaNome>DOLAR DOS EUA</moedaNegociadaNome>
                <valorMoedaNegociada>000000000055922</valorMoedaNegociada>
                <valorReais>000000000314997</valorReais>
            </acrescimo>
            <antidumpingAliquotaAdValorem>00000</antidumpingAliquotaAdValorem>
            <antidumpingAliquotaBaseCalculo>000000000000000</antidumpingAliquotaBaseCalculo>
            <antidumpingAliquotaEspecificaQuantidadeUnidade>000078000</antidumpingAliquotaEspecificaQuantidadeUnidade>
            <antidumpingAliquotaEspecificaValor>0000439358</antidumpingAliquotaEspecificaValor>
            <antidumpingAliquotaValorDevido>000000034269924</antidumpingAliquotaValorDevido>
            <antidumpingAliquotaValorRecolher>000000034269924</antidumpingAliquotaValorRecolher>
            <antidumpingAtoLegalAno>2013</antidumpingAtoLegalAno>
            <antidumpingAtoLegalCodigo>RES</antidumpingAtoLegalCodigo>
            <antidumpingAtoLegalEX>000</antidumpingAtoLegalEX>
            <antidumpingAtoLegalNumero>000080</antidumpingAtoLegalNumero>
            <antidumpingAtoLegalOrgaoEmissor>EXEC</antidumpingAtoLegalOrgaoEmissor>
            <cideValorAliquotaEspecifica>00000000000</cideValorAliquotaEspecifica>
            <cideValorDevido>000000000000000</cideValorDevido>
            <cideValorRecolher>000000000000000</cideValorRecolher>
            <codigoRelacaoCompradorVendedor>1</codigoRelacaoCompradorVendedor>
            <codigoVinculoCompradorVendedor>1</codigoVinculoCompradorVendedor>
            <cofinsAliquotaAdValorem>00965</cofinsAliquotaAdValorem>
            <cofinsAliquotaEspecificaQuantidadeUnidade>000000000</cofinsAliquotaEspecificaQuantidadeUnidade>
            <cofinsAliquotaEspecificaValor>0000000000</cofinsAliquotaEspecificaValor>
            <cofinsAliquotaReduzida>00000</cofinsAliquotaReduzida>
            <cofinsAliquotaValorDevido>000000000000000</cofinsAliquotaValorDevido>
            <cofinsAliquotaValorRecolher>000000000000000</cofinsAliquotaValorRecolher>
            <condicaoVendaIncoterm>CIF</condicaoVendaIncoterm>
            <condicaoVendaLocal>RIO DE JANEIRO</condicaoVendaLocal>
            <condicaoVendaMetodoValoracaoCodigo>01</condicaoVendaMetodoValoracaoCodigo>
            <condicaoVendaMetodoValoracaoNome>METODO 1 - ART. 1 DO ACORDO (DECRETO 92930/86)</condicaoVendaMetodoValoracaoNome>
            <condicaoVendaMoedaCodigo>220</condicaoVendaMoedaCodigo>
            <condicaoVendaMoedaNome>DOLAR DOS EUA</condicaoVendaMoedaNome>
            <condicaoVendaValorMoeda>000000008190000</condicaoVendaValorMoeda>
            <condicaoVendaValorReais>000000046132632</condicaoVendaValorReais>
            <dadosCambiaisCoberturaCambialCodigo>1</dadosCambiaisCoberturaCambialCodigo>
            <dadosCambiaisCoberturaCambialNome>COM COBERTURA CAMBIAL E PAGAMENTO FINAL A PRAZO DE ATE' 180</dadosCambiaisCoberturaCambialNome>
            <dadosCambiaisInstituicaoFinanciadoraCodigo>00</dadosCambiaisInstituicaoFinanciadoraCodigo>
            <dadosCambiaisInstituicaoFinanciadoraNome>N/I</dadosCambiaisInstituicaoFinanciadoraNome>
            <dadosCambiaisMotivoSemCoberturaCodigo>00</dadosCambiaisMotivoSemCoberturaCodigo>
            <dadosCambiaisMotivoSemCoberturaNome>N/I</dadosCambiaisMotivoSemCoberturaNome>
            <dadosCambiaisValorRealCambio>000000000000000</dadosCambiaisValorRealCambio>
            <dadosCargaPaisProcedenciaCodigo>000</dadosCargaPaisProcedenciaCodigo>
            <dadosCargaUrfEntradaCodigo>0000000</dadosCargaUrfEntradaCodigo>
            <dadosCargaViaTransporteCodigo>00</dadosCargaViaTransporteCodigo>
            <dadosMercadoriaAplicacao>REVENDA</dadosMercadoriaAplicacao>
            <dadosMercadoriaCodigoNaladiNCCA>0000000</dadosMercadoriaCodigoNaladiNCCA>
            <dadosMercadoriaCodigoNaladiSH>00000000</dadosMercadoriaCodigoNaladiSH>
            <dadosMercadoriaCodigoNcm>07032090</dadosMercadoriaCodigoNcm>
            <dadosMercadoriaCondicao>NOVA</dadosMercadoriaCondicao>
            <dadosMercadoriaMedidaEstatisticaQuantidade>00007800000000</dadosMercadoriaMedidaEstatisticaQuantidade>
            <dadosMercadoriaNomeNcm>Outros</dadosMercadoriaNomeNcm>
            <dadosMercadoriaPesoLiquido>000007800000000</dadosMercadoriaPesoLiquido>
            <dcrCoeficienteReducao>00000</dcrCoeficienteReducao>
            <dcrIdentificacao>00000000</dcrIdentificacao>
            <dcrValorDevido>000000000000000</dcrValorDevido>
            <dcrValorDolar>000000000000000</dcrValorDolar>
            <dcrValorReal>000000000000000</dcrValorReal>
            <dcrValorRecolher>000000000000000</dcrValorRecolher>
            <fornecedorCidade>QINGDAO</fornecedorCidade>
            <fornecedorComplemento>HUANGDAO DISTRICT</fornecedorComplemento>
            <fornecedorEstado>SHANDONG PROVINCE</fornecedorEstado>
            <fornecedorLogradouro>ROOM 495 - HONGLIUHE ROAD</fornecedorLogradouro>
            <fornecedorNome>QINGDAO YIFAN SHUNFENG FOODSTUFFS CO.,LTD</fornecedorNome>
            <fornecedorNumero>575</fornecedorNumero>
            <freteMoedaNegociadaCodigo>000</freteMoedaNegociadaCodigo>
            <freteValorMoedaNegociada>000000000640922</freteValorMoedaNegociada>
            <freteValorReais>000000003610185</freteValorReais>
            <iiAcordoTarifarioTipoCodigo>0</iiAcordoTarifarioTipoCodigo>
            <iiAliquotaAcordo>00000</iiAliquotaAcordo>
            <iiAliquotaAdValorem>03500</iiAliquotaAdValorem>
            <iiAliquotaPercentualReducao>00000</iiAliquotaPercentualReducao>
            <iiAliquotaReduzida>00000</iiAliquotaReduzida>
            <iiAliquotaValorCalculado>000000016256670</iiAliquotaValorCalculado>
            <iiAliquotaValorDevido>000000016256670</iiAliquotaValorDevido>
            <iiAliquotaValorRecolher>000000016256670</iiAliquotaValorRecolher>
            <iiAliquotaValorReduzido>000000000000000</iiAliquotaValorReduzido>
            <iiBaseCalculo>000000046447629</iiBaseCalculo>
            <iiFundamentoLegalCodigo>00</iiFundamentoLegalCodigo>
            <iiMotivoAdmissaoTemporariaCodigo>00</iiMotivoAdmissaoTemporariaCodigo>
            <iiRegimeTributacaoCodigo>1</iiRegimeTributacaoCodigo>
            <iiRegimeTributacaoNome>RECOLHIMENTO INTEGRAL</iiRegimeTributacaoNome>
            <ipiAliquotaAdValorem>00000</ipiAliquotaAdValorem>
            <ipiAliquotaEspecificaCapacidadeRecipciente>00000</ipiAliquotaEspecificaCapacidadeRecipciente>
            <ipiAliquotaEspecificaQuantidadeUnidadeMedida>000000000</ipiAliquotaEspecificaQuantidadeUnidadeMedida>
            <ipiAliquotaEspecificaTipoRecipienteCodigo>00</ipiAliquotaEspecificaTipoRecipienteCodigo>
            <ipiAliquotaEspecificaValorUnidadeMedida>0000000000</ipiAliquotaEspecificaValorUnidadeMedida>
            <ipiAliquotaNotaComplementarTIPI>00</ipiAliquotaNotaComplementarTIPI>
            <ipiAliquotaReduzida>00000</ipiAliquotaReduzida>
            <ipiAliquotaValorDevido>000000000000000</ipiAliquotaValorDevido>
            <ipiAliquotaValorRecolher>000000000000000</ipiAliquotaValorRecolher>
            <ipiRegimeTributacaoCodigo>3</ipiRegimeTributacaoCodigo>
            <ipiRegimeTributacaoNome>NAO TRIBUTAVEL</ipiRegimeTributacaoNome>
            <mercadoria>
                <descricaoMercadoria>ALHO REFRIGERADO CHINES, ACONDICIONADOS EM CAIXAS DE PAPELÃO COM 10 KGS LIQUIDOS CADA, SAFRA 2020. CALIBRE 5,5-6,0CM, TIPO ESPECIAL. MARCA SANES.                                              &#xD;</descricaoMercadoria>
                <numeroSequencialItem>01</numeroSequencialItem>
                <quantidade>00000520000000</quantidade>
                <unidadeMedida>CAIXAS              </unidadeMedida>
                <valorUnitario>00000000000104000000</valorUnitario>
            </mercadoria>
            <mercadoria>
                <descricaoMercadoria>ALHO REFRIGERADO CHINES, ACONDICIONADOS EM CAIXAS DE PALELAO  COM 10 KGS LIQUIDOS CADA, SAFRA 2020. CALIBRE 6,0-6,5CM, TIPO ESPECIAL. MARCA SANES.                                             &#xD;</descricaoMercadoria>
                <numeroSequencialItem>02</numeroSequencialItem>
                <quantidade>00000260000000</quantidade>
                <unidadeMedida>CAIXAS              </unidadeMedida>
                <valorUnitario>00000000000107000000</valorUnitario>
            </mercadoria>
            <numeroAdicao>001</numeroAdicao>
            <numeroDI>2016939116</numeroDI>
            <numeroLI>2028318297</numeroLI>
            <paisAquisicaoMercadoriaCodigo>160</paisAquisicaoMercadoriaCodigo>
            <paisAquisicaoMercadoriaNome>CHINA, REPUBLICA POPULAR</paisAquisicaoMercadoriaNome>
            <paisOrigemMercadoriaCodigo>160</paisOrigemMercadoriaCodigo>
            <paisOrigemMercadoriaNome>CHINA, REPUBLICA POPULAR</paisOrigemMercadoriaNome>
            <pisCofinsBaseCalculoAliquotaICMS>00000</pisCofinsBaseCalculoAliquotaICMS>
            <pisCofinsBaseCalculoFundamentoLegalCodigo>81</pisCofinsBaseCalculoFundamentoLegalCodigo>
            <pisCofinsBaseCalculoFundamentoLegalNome>PRODUTOS DEFINIDOS PELA LEI 10925/04 - ART 1º, INC,XI, C/C</pisCofinsBaseCalculoFundamentoLegalNome>
            <pisCofinsBaseCalculoPercentualReducao>00000</pisCofinsBaseCalculoPercentualReducao>
            <pisCofinsBaseCalculoValor>000000046447629</pisCofinsBaseCalculoValor>
            <pisCofinsFundamentoLegalReducaoCodigo>00</pisCofinsFundamentoLegalReducaoCodigo>
            <pisCofinsRegimeTributacaoCodigo>4</pisCofinsRegimeTributacaoCodigo>
            <pisCofinsRegimeTributacaoNome>REDUCAO</pisCofinsRegimeTributacaoNome>
            <pisPasepAliquotaAdValorem>00210</pisPasepAliquotaAdValorem>
            <pisPasepAliquotaEspecificaQuantidadeUnidade>000000000</pisPasepAliquotaEspecificaQuantidadeUnidade>
            <pisPasepAliquotaEspecificaValor>0000000000</pisPasepAliquotaEspecificaValor>
            <pisPasepAliquotaReduzida>00000</pisPasepAliquotaReduzida>
            <pisPasepAliquotaValorDevido>000000000000000</pisPasepAliquotaValorDevido>
            <pisPasepAliquotaValorRecolher>000000000000000</pisPasepAliquotaValorRecolher>
            <relacaoCompradorVendedor>Fabricante é o Exportador</relacaoCompradorVendedor>
            <seguroMoedaNegociadaCodigo>000</seguroMoedaNegociadaCodigo>
            <seguroValorMoedaNegociada>000000000015000</seguroValorMoedaNegociada>
            <seguroValorReais>000000000084492</seguroValorReais>
            <sequencialRetificacao>00</sequencialRetificacao>
            <valorMultaARecolher>000000000000000</valorMultaARecolher>
            <valorMultaARecolherAjustado>000000000000000</valorMultaARecolherAjustado>
            <valorReaisFreteInternacional>000000003610185</valorReaisFreteInternacional>
            <valorReaisSeguroInternacional>000000000084492</valorReaisSeguroInternacional>
            <valorTotalCondicaoVenda>819000000000</valorTotalCondicaoVenda>
            <vinculoCompradorVendedor>Não há vinculação entre comprador e vendedor.</vinculoCompradorVendedor>
        </adicao>
        <armazem>
            <nomeArmazem>SEPETIBA  </nomeArmazem>
        </armazem>
        <armazenamentoRecintoAduaneiroCodigo>7961304</armazenamentoRecintoAduaneiroCodigo>
        <armazenamentoRecintoAduaneiroNome>INST.PORT.MAR.ALF.USO PUBLICO-SEPETIBA TECON S/A-ITAGUAÍ-RJ</armazenamentoRecintoAduaneiroNome>
        <armazenamentoSetor>001</armazenamentoSetor>
        <canalSelecaoParametrizada>001</canalSelecaoParametrizada>
        <caracterizacaoOperacaoCodigoTipo>1</caracterizacaoOperacaoCodigoTipo>
        <caracterizacaoOperacaoDescricaoTipo>Importação Própria</caracterizacaoOperacaoDescricaoTipo>
        <cargaDataChegada>20201023</cargaDataChegada>
        <cargaNumeroAgente>N/I</cargaNumeroAgente>
        <cargaPaisProcedenciaCodigo>160</cargaPaisProcedenciaCodigo>
        <cargaPaisProcedenciaNome>CHINA, REPUBLICA POPULAR</cargaPaisProcedenciaNome>
        <cargaPesoBruto>000008346000000</cargaPesoBruto>
        <cargaPesoLiquido>000007800000000</cargaPesoLiquido>
        <cargaUrfEntradaCodigo>0717800</cargaUrfEntradaCodigo>
        <cargaUrfEntradaNome>PORTO DE ITAGUAI</cargaUrfEntradaNome>
        <conhecimentoCargaEmbarqueData>20200909</conhecimentoCargaEmbarqueData>
        <conhecimentoCargaEmbarqueLocal>QINGDAO</conhecimentoCargaEmbarqueLocal>
        <conhecimentoCargaId>CEMERCANTE31032008</conhecimentoCargaId>
        <conhecimentoCargaIdMaster>132005214268631</conhecimentoCargaIdMaster>
        <conhecimentoCargaTipoCodigo>12</conhecimentoCargaTipoCodigo>
        <conhecimentoCargaTipoNome>HBL - House Bill of Lading</conhecimentoCargaTipoNome>
        <conhecimentoCargaUtilizacao>1</conhecimentoCargaUtilizacao>
        <conhecimentoCargaUtilizacaoNome>Total</conhecimentoCargaUtilizacaoNome>
        <dataDesembaraco>20201028</dataDesembaraco>
        <dataRegistro>20201027</dataRegistro>
        <documentoChegadaCargaCodigoTipo>1</documentoChegadaCargaCodigoTipo>
        <documentoChegadaCargaNome>Manifesto da Carga</documentoChegadaCargaNome>
        <documentoChegadaCargaNumero>1320501931871</documentoChegadaCargaNumero>
        <documentoInstrucaoDespacho>
            <codigoTipoDocumentoDespacho>28</codigoTipoDocumentoDespacho>
            <nomeDocumentoDespacho>CONHECIMENTO DE CARGA                                       </nomeDocumentoDespacho>
            <numeroDocumentoDespacho>240091560A               </numeroDocumentoDespacho>
        </documentoInstrucaoDespacho>
        <documentoInstrucaoDespacho>
            <codigoTipoDocumentoDespacho>29</codigoTipoDocumentoDespacho>
            <nomeDocumentoDespacho>ROMANEIO DE CARGA                                           </nomeDocumentoDespacho>
            <numeroDocumentoDespacho>S/N                      </numeroDocumentoDespacho>
        </documentoInstrucaoDespacho>
        <documentoInstrucaoDespacho>
            <codigoTipoDocumentoDespacho>01</codigoTipoDocumentoDespacho>
            <nomeDocumentoDespacho>FATURA COMERCIAL                                            </nomeDocumentoDespacho>
            <numeroDocumentoDespacho>SAN200908                </numeroDocumentoDespacho>
        </documentoInstrucaoDespacho>
        <documentoInstrucaoDespacho>
            <codigoTipoDocumentoDespacho>02</codigoTipoDocumentoDespacho>
            <nomeDocumentoDespacho>CERTIFICADO DE ORIGEM                                       </nomeDocumentoDespacho>
            <numeroDocumentoDespacho>CCPIT4802002956714       </numeroDocumentoDespacho>
        </documentoInstrucaoDespacho>
        <embalagem>
            <codigoTipoEmbalagem>19</codigoTipoEmbalagem>
            <nomeEmbalagem>CAIXA DE PAPELAO                                            </nomeEmbalagem>
            <quantidadeVolume>07800</quantidadeVolume>
        </embalagem>
        <freteCollect>000000000055922</freteCollect>
        <freteEmTerritorioNacional>000000000000000</freteEmTerritorioNacional>
        <freteMoedaNegociadaCodigo>220</freteMoedaNegociadaCodigo>
        <freteMoedaNegociadaNome>DOLAR DOS EUA</freteMoedaNegociadaNome>
        <fretePrepaid>000000000585000</fretePrepaid>
        <freteTotalDolares>000000000640922</freteTotalDolares>
        <freteTotalMoeda>640922</freteTotalMoeda>
        <freteTotalReais>000000003610185</freteTotalReais>
        <icms>
            <agenciaIcms>00000</agenciaIcms>
            <bancoIcms>000</bancoIcms>
            <codigoTipoRecolhimentoIcms>3</codigoTipoRecolhimentoIcms>
            <cpfResponsavelRegistro>35197811749</cpfResponsavelRegistro>
            <dataRegistro>20201028</dataRegistro>
            <horaRegistro>170543</horaRegistro>
            <nomeTipoRecolhimentoIcms>Exoneração do ICMS</nomeTipoRecolhimentoIcms>
            <numeroSequencialIcms>001</numeroSequencialIcms>
            <ufIcms>RJ</ufIcms>
            <valorTotalIcms>000000000000000</valorTotalIcms>
        </icms>
        <importadorCodigoTipo>1</importadorCodigoTipo>
        <importadorCpfRepresentanteLegal>24514764000</importadorCpfRepresentanteLegal>
        <importadorEnderecoBairro>CAMPO ALEGRE</importadorEnderecoBairro>
        <importadorEnderecoCep>26373270</importadorEnderecoCep>
        <importadorEnderecoComplemento>LOTE: 3; QUADRA: 10</importadorEnderecoComplemento>
        <importadorEnderecoLogradouro>RIO DE JANEIRO</importadorEnderecoLogradouro>
        <importadorEnderecoMunicipio>QUEIMADOS</importadorEnderecoMunicipio>
        <importadorEnderecoNumero>S/N</importadorEnderecoNumero>
        <importadorEnderecoUf>RJ</importadorEnderecoUf>
        <importadorNome>SANES BRASIL AGROINDUSTRIAL LTDA</importadorNome>
        <importadorNomeRepresentanteLegal>ENIO LOPES DE SIQUEIRA</importadorNomeRepresentanteLegal>
        <importadorNumero>03718276000360</importadorNumero>
        <importadorNumeroTelefone>21  26639300</importadorNumeroTelefone>
        <informacaoComplementar>N/REFERENCIA: I-179/20
S/REFERENCIA: SAN-4860
CONHECIMENTO DE CARGA: 240091560A
ROMANEIO DE CARGA: S/N
FATURA COMERCIAL: SAN200908
CERTIFICADO DE ORIGEM: CCPIT4802002956714
MASTER: 240091560A
EMISSAO: 09/09/20
CHEGADA: 23/10/20
LOCAL DE EMBARQUE: QINGDAO
VOLUMES 7800 CAIXA DE PAPELAO
CONTAINER: MNBU4031786, MSWU0086417, SUDU8092131
******** MOEDAS UTILIZADAS ********
FOB : 220 DOLAR DOS EUA 5,632800000
FRETE : 220 DOLAR DOS EUA 5,632800000
SEGURO: 220 DOLAR DOS EUA 5,632800000
******** RESUMO DE VALORES TOTAIS DO PROCESSO ********
FOB......... R$ 427.529,52 US$ 75.900,00
Acr.Tributo. R$ 3.149,97 US$ 559,22
Frete Intl.. R$ 32.951,88 US$ 5.850,00
Seguro...... R$ 844,92 US$ 150,00
Vr.Aduaneiro R$ 464.476,29 US$ 82.459,22
********************** RESUMO DE TRIBUTOS ***********************
BASE DE CALCULO (PIS/COFINS)... R$ 464.476,29
5602-PIS/PASEP ( 2.10% )....... R$ 0,00
5629-COFINS ( 9.65% )....... R$ 0,00
=================================================================
ADICAO 001 NCM: 0703.20.90
VALOR ADUANEIRO................ R$ 464.476,29
DESPESAS....................... R$ 9.261,16
I.I. ( 35.00% ) ............... R$ 162.566,70
I.P.I. ( 0.00% )............... R$ 0,00
ANTI-DUMPING................... R$ 342.699,24
PIS ( 2.10% ).................. R$ 0,00
COFINS ( 9.65% )............... R$ 0,00
VALOR BASE DO ICMS ( 7% )...... R$ 1.052.691,82
ICMS ( 7% ).................... R$ 73.688,43 (EXONERADO)
=================================================================
******** RESUMO DO CALCULO DO ICMS ********
Valor Total do ICMS ( EXONERADO )........: R$ 73.688,43
=================================================================
=================================================================
******** RESUMO DOS TRIBUTOS RECOLHIDOS ********
Imposto de Importacao.................R$ 162.566,70
Imposto Prod. Industrializados........R$ 0,00
PIS/PASEP.............................R$ 0,00
COFINS................................R$ 0,00
Taxa de Utilizacao do SISCOMEX........R$ 214,50
ANTI-DUMPING..........................R$ 342.699,24
Total ................................R$ 505.480,44
-----------------------------------------------------------------
DESPACHANTE ADUANEIRO RUY ROCHA VALVERDE-7D/00027
DESPACHANTE ADUANEIRO ENIO LOPES DE SIQUEIRA-7D/00456
DESPACHANTE ADUANEIRO JANETE SHERIDAN MOREIRA FERREIRA-7D/00523
DESPACHANTE ADUANEIRO EZEQUIEL DAHER DE AZEVEDO-7D/02368
AJUDANTE DE DESPACHANTE ADUANEIRO LUIZ FELIPE NETTO DE
SIQUEIRA-CPF 121.280.267-50
-----------------------------------------------------------------</informacaoComplementar>
        <localDescargaTotalDolares>000000008245922</localDescargaTotalDolares>
        <localDescargaTotalReais>000000046447629</localDescargaTotalReais>
        <localEmbarqueTotalDolares>000000007590000</localEmbarqueTotalDolares>
        <localEmbarqueTotalReais>000000042752952</localEmbarqueTotalReais>
        <modalidadeDespachoCodigo>1</modalidadeDespachoCodigo>
        <modalidadeDespachoNome>Normal</modalidadeDespachoNome>
        <numeroDI>2016939116</numeroDI>
        <operacaoFundap>N</operacaoFundap>
        <pagamento>
            <agenciaPagamento>3437 </agenciaPagamento>
            <bancoPagamento>001</bancoPagamento>
            <codigoReceita>0086</codigoReceita>
            <codigoTipoPagamento>1</codigoTipoPagamento>
            <contaPagamento>            1151924</contaPagamento>
            <dataPagamento>20201027</dataPagamento>
            <nomeTipoPagamento>Débito em Conta</nomeTipoPagamento>
            <numeroRetificacao>00</numeroRetificacao>
            <valorJurosEncargos>000000000</valorJurosEncargos>
            <valorMulta>000000000</valorMulta>
            <valorReceita>000000016256670</valorReceita>
        </pagamento>
        <pagamento>
            <agenciaPagamento>3437 </agenciaPagamento>
            <bancoPagamento>001</bancoPagamento>
            <codigoReceita>5529</codigoReceita>
            <codigoTipoPagamento>1</codigoTipoPagamento>
            <contaPagamento>            1151924</contaPagamento>
            <dataPagamento>20201027</dataPagamento>
            <nomeTipoPagamento>Débito em Conta</nomeTipoPagamento>
            <numeroRetificacao>00</numeroRetificacao>
            <valorJurosEncargos>000000000</valorJurosEncargos>
            <valorMulta>000000000</valorMulta>
            <valorReceita>000000034269924</valorReceita>
        </pagamento>
        <pagamento>
            <agenciaPagamento>3437 </agenciaPagamento>
            <bancoPagamento>001</bancoPagamento>
            <codigoReceita>7811</codigoReceita>
            <codigoTipoPagamento>1</codigoTipoPagamento>
            <contaPagamento>            1151924</contaPagamento>
            <dataPagamento>20201027</dataPagamento>
            <nomeTipoPagamento>Débito em Conta</nomeTipoPagamento>
            <numeroRetificacao>00</numeroRetificacao>
            <valorJurosEncargos>000000000</valorJurosEncargos>
            <valorMulta>000000000</valorMulta>
            <valorReceita>000000000021450</valorReceita>
        </pagamento>
        <seguroMoedaNegociadaCodigo>220</seguroMoedaNegociadaCodigo>
        <seguroMoedaNegociadaNome>DOLAR DOS EUA</seguroMoedaNegociadaNome>
        <seguroTotalDolares>000000000015000</seguroTotalDolares>
        <seguroTotalMoedaNegociada>000000000015000</seguroTotalMoedaNegociada>
        <seguroTotalReais>000000000084492</seguroTotalReais>
        <sequencialRetificacao>00</sequencialRetificacao>
        <situacaoEntregaCarga>ENTREGA CONDICIONADA A APRESENTACAO E RETENCAO DOS SEGUINTES DOCUMENTOS: DOCUMENTO DE EXONERACAO DO ICMS</situacaoEntregaCarga>
        <tipoDeclaracaoCodigo>01</tipoDeclaracaoCodigo>
        <tipoDeclaracaoNome>CONSUMO</tipoDeclaracaoNome>
        <totalAdicoes>001</totalAdicoes>
        <urfDespachoCodigo>0717800</urfDespachoCodigo>
        <urfDespachoNome>PORTO DE ITAGUAI</urfDespachoNome>
        <valorTotalMultaARecolherAjustado>000000000000000</valorTotalMultaARecolherAjustado>
        <viaTransporteCodigo>01</viaTransporteCodigo>
        <viaTransporteMultimodal>N</viaTransporteMultimodal>
        <viaTransporteNome>MARÍTIMA</viaTransporteNome>
        <viaTransporteNomeTransportador>MAERSK LINE</viaTransporteNomeTransportador>
        <viaTransporteNomeVeiculo>SAN FELIPE</viaTransporteNomeVeiculo>
        <viaTransportePaisTransportadorCodigo>232</viaTransportePaisTransportadorCodigo>
        <viaTransportePaisTransportadorNome>DINAMARCA</viaTransportePaisTransportadorNome>
    </declaracaoImportacao>
</ListaDeclaracoes>
