<?xml version="1.0" encoding="UTF-8" standalone="yes"?>
<ListaDeclaracoes>
    <declaracaoImportacao>
        <adicao>
            <acrescimo>
                <codigoAcrescimo>16</codigoAcrescimo>
                <denominacao>CARGA, DESCARGA E MANUSEIO NA ENTRADA - PAIS DE IMPORTACAO  </denominacao>
                <moedaNegociadaCodigo>220</moedaNegociadaCodigo>
                <moedaNegociadaNome>DOLAR DOS EUA</moedaNegociadaNome>
                <valorMoedaNegociada>000000000014550</valorMoedaNegociada>
                <valorReais>000000000078599</valorReais>
            </acrescimo>
            <cideValorAliquotaEspecifica>00000000000</cideValorAliquotaEspecifica>
            <cideValorDevido>000000000000000</cideValorDevido>
            <cideValorRecolher>000000000000000</cideValorRecolher>
            <codigoRelacaoCompradorVendedor>2</codigoRelacaoCompradorVendedor>
            <codigoVinculoCompradorVendedor>1</codigoVinculoCompradorVendedor>
            <cofinsAliquotaAdValorem>00965</cofinsAliquotaAdValorem>
            <cofinsAliquotaEspecificaQuantidadeUnidade>000000000</cofinsAliquotaEspecificaQuantidadeUnidade>
            <cofinsAliquotaEspecificaValor>0000000000</cofinsAliquotaEspecificaValor>
            <cofinsAliquotaReduzida>00000</cofinsAliquotaReduzida>
            <cofinsAliquotaValorDevido>000000005064126</cofinsAliquotaValorDevido>
            <cofinsAliquotaValorRecolher>000000005064126</cofinsAliquotaValorRecolher>
            <condicaoVendaIncoterm>CIF</condicaoVendaIncoterm>
            <condicaoVendaLocal>RIO DE JANEIRO</condicaoVendaLocal>
            <condicaoVendaMetodoValoracaoCodigo>01</condicaoVendaMetodoValoracaoCodigo>
            <condicaoVendaMetodoValoracaoNome>METODO 1 - ART. 1 DO ACORDO (DECRETO 92930/86)</condicaoVendaMetodoValoracaoNome>
            <condicaoVendaMoedaCodigo>220</condicaoVendaMoedaCodigo>
            <condicaoVendaMoedaNome>DOLAR DOS EUA</condicaoVendaMoedaNome>
            <condicaoVendaValorMoeda>000000009700000</condicaoVendaValorMoeda>
            <condicaoVendaValorReais>000000052399400</condicaoVendaValorReais>
            <dadosCambiaisCoberturaCambialCodigo>1</dadosCambiaisCoberturaCambialCodigo>
            <dadosCambiaisCoberturaCambialNome>COM COBERTURA CAMBIAL E PAGAMENTO FINAL A PRAZO DE ATE' 180</dadosCambiaisCoberturaCambialNome>
            <dadosCambiaisInstituicaoFinanciadoraCodigo>00</dadosCambiaisInstituicaoFinanciadoraCodigo>
            <dadosCambiaisInstituicaoFinanciadoraNome>N/I</dadosCambiaisInstituicaoFinanciadoraNome>
            <dadosCambiaisMotivoSemCoberturaCodigo>00</dadosCambiaisMotivoSemCoberturaCodigo>
            <dadosCambiaisMotivoSemCoberturaNome>N/I</dadosCambiaisMotivoSemCoberturaNome>
            <dadosCambiaisValorRealCambio>000000000000000</dadosCambiaisValorRealCambio>
            <dadosCargaPaisProcedenciaCodigo>000</dadosCargaPaisProcedenciaCodigo>
            <dadosCargaUrfEntradaCodigo>0000000</dadosCargaUrfEntradaCodigo>
            <dadosCargaViaTransporteCodigo>00</dadosCargaViaTransporteCodigo>
            <dadosMercadoriaAplicacao>REVENDA</dadosMercadoriaAplicacao>
            <dadosMercadoriaCodigoNaladiNCCA>0000000</dadosMercadoriaCodigoNaladiNCCA>
            <dadosMercadoriaCodigoNaladiSH>00000000</dadosMercadoriaCodigoNaladiSH>
            <dadosMercadoriaCodigoNcm>03055310</dadosMercadoriaCodigoNcm>
            <dadosMercadoriaCondicao>NOVA</dadosMercadoriaCondicao>
            <dadosMercadoriaMedidaEstatisticaQuantidade>00002500000000</dadosMercadoriaMedidaEstatisticaQuantidade>
            <dadosMercadoriaNomeNcm>Bacalhau polar (Boreogadus saida), saithe (Pollachius v</dadosMercadoriaNomeNcm>
            <dadosMercadoriaPesoLiquido>000002500000000</dadosMercadoriaPesoLiquido>
            <dcrCoeficienteReducao>00000</dcrCoeficienteReducao>
            <dcrIdentificacao>00000000</dcrIdentificacao>
            <dcrValorDevido>000000000000000</dcrValorDevido>
            <dcrValorDolar>000000000000000</dcrValorDolar>
            <dcrValorReal>000000000000000</dcrValorReal>
            <dcrValorRecolher>000000000000000</dcrValorRecolher>
            <fabricanteCidade>VALDEROYA</fabricanteCidade>
            <fabricanteComplemento>6050</fabricanteComplemento>
            <fabricanteEstado>NORWAY</fabricanteEstado>
            <fabricanteLogradouro>SAETREHAMNA</fabricanteLogradouro>
            <fabricanteNome>SCANPROD AS</fabricanteNome>
            <fabricanteNumero>9</fabricanteNumero>
            <fornecedorCidade>ALESUND</fornecedorCidade>
            <fornecedorComplemento>6001</fornecedorComplemento>
            <fornecedorEstado>NORWAY</fornecedorEstado>
            <fornecedorLogradouro>P.O. BOX</fornecedorLogradouro>
            <fornecedorNome>SCAN-MAR AS</fornecedorNome>
            <fornecedorNumero>399</fornecedorNumero>
            <freteMoedaNegociadaCodigo>000</freteMoedaNegociadaCodigo>
            <freteValorMoedaNegociada>000000000414550</freteValorMoedaNegociada>
            <freteValorReais>000000002239399</freteValorReais>
            <iiAcordoTarifarioTipoCodigo>0</iiAcordoTarifarioTipoCodigo>
            <iiAliquotaAcordo>00000</iiAliquotaAcordo>
            <iiAliquotaAdValorem>00000</iiAliquotaAdValorem>
            <iiAliquotaPercentualReducao>00000</iiAliquotaPercentualReducao>
            <iiAliquotaReduzida>00000</iiAliquotaReduzida>
            <iiAliquotaValorCalculado>000000000000000</iiAliquotaValorCalculado>
            <iiAliquotaValorDevido>000000000000000</iiAliquotaValorDevido>
            <iiAliquotaValorRecolher>000000000000000</iiAliquotaValorRecolher>
            <iiAliquotaValorReduzido>000000000000000</iiAliquotaValorReduzido>
            <iiBaseCalculo>000000052477999</iiBaseCalculo>
            <iiFundamentoLegalCodigo>00</iiFundamentoLegalCodigo>
            <iiMotivoAdmissaoTemporariaCodigo>00</iiMotivoAdmissaoTemporariaCodigo>
            <iiRegimeTributacaoCodigo>1</iiRegimeTributacaoCodigo>
            <iiRegimeTributacaoNome>RECOLHIMENTO INTEGRAL</iiRegimeTributacaoNome>
            <ipiAliquotaAdValorem>00500</ipiAliquotaAdValorem>
            <ipiAliquotaEspecificaCapacidadeRecipciente>00000</ipiAliquotaEspecificaCapacidadeRecipciente>
            <ipiAliquotaEspecificaQuantidadeUnidadeMedida>000000000</ipiAliquotaEspecificaQuantidadeUnidadeMedida>
            <ipiAliquotaEspecificaTipoRecipienteCodigo>00</ipiAliquotaEspecificaTipoRecipienteCodigo>
            <ipiAliquotaEspecificaValorUnidadeMedida>0000000000</ipiAliquotaEspecificaValorUnidadeMedida>
            <ipiAliquotaNotaComplementarTIPI>00</ipiAliquotaNotaComplementarTIPI>
            <ipiAliquotaReduzida>00000</ipiAliquotaReduzida>
            <ipiAliquotaValorDevido>000000002623899</ipiAliquotaValorDevido>
            <ipiAliquotaValorRecolher>000000002623899</ipiAliquotaValorRecolher>
            <ipiRegimeTributacaoCodigo>4</ipiRegimeTributacaoCodigo>
            <ipiRegimeTributacaoNome>SEM BENEFICIO</ipiRegimeTributacaoNome>
            <mercadoria>
                <descricaoMercadoria>SAITHE SALGADO SECO ESPALMADO SEM CABEÇA, POLLACHIUS VIRENS, MARCA SCAN-MAR AS. ACONDICIONADOS EM CAIXAS  DE PAPELÃO COM 25Kgs LIQUIDO CADA. (PRODUTO ORIUNDO DE PESCA EXTRATIVA). CONFORME SEGUE: 07/09 - DIPOA 0020/M294 - TEMPERATURA: 0 A 7ºC            </descricaoMercadoria>
                <numeroSequencialItem>01</numeroSequencialItem>
                <quantidade>00000033000000</quantidade>
                <unidadeMedida>CAIXAS              </unidadeMedida>
                <valorUnitario>00000000000970000000</valorUnitario>
            </mercadoria>
            <mercadoria>
                <descricaoMercadoria>SAITHE SALGADO SECO ESPALMADO SEM CABEÇA, POLLACHIUS VIRENS, MARCA SCAN-MAR AS. ACONDICIONADOS EM CAIXAS  DE PAPELÃO COM 25Kgs LIQUIDO CADA. (PRODUTO ORIUNDO DE PESCA EXTRATIVA). CONFORME SEGUE: 10/12 - DIPOA 0020/M294 - TEMPERATURA: 0 A 7ºC            </descricaoMercadoria>
                <numeroSequencialItem>02</numeroSequencialItem>
                <quantidade>00000034000000</quantidade>
                <unidadeMedida>CAIXAS              </unidadeMedida>
                <valorUnitario>00000000000970000000</valorUnitario>
            </mercadoria>
            <mercadoria>
                <descricaoMercadoria>SAITHE SALGADO SECO ESPALMADO SEM CABEÇA, POLLACHIUS VIRENS, MARCA SCAN-MAR AS. ACONDICIONADOS EM CAIXAS  DE PAPELÃO COM 25Kgs LIQUIDO CADA. (PRODUTO ORIUNDO DE PESCA EXTRATIVA). CONFORME SEGUE: 13/15 - DIPOA 0020/M294 - TEMPERATURA: 0 A 7ºC            </descricaoMercadoria>
                <numeroSequencialItem>03</numeroSequencialItem>
                <quantidade>00000033000000</quantidade>
                <unidadeMedida>CAIXAS              </unidadeMedida>
                <valorUnitario>00000000000970000000</valorUnitario>
            </mercadoria>
            <numeroAdicao>001</numeroAdicao>
            <numeroDI>2018077537</numeroDI>
            <numeroLI>2030984843</numeroLI>
            <paisAquisicaoMercadoriaCodigo>538</paisAquisicaoMercadoriaCodigo>
            <paisAquisicaoMercadoriaNome>NORUEGA</paisAquisicaoMercadoriaNome>
            <paisOrigemMercadoriaCodigo>538</paisOrigemMercadoriaCodigo>
            <paisOrigemMercadoriaNome>NORUEGA</paisOrigemMercadoriaNome>
            <pisCofinsBaseCalculoAliquotaICMS>00000</pisCofinsBaseCalculoAliquotaICMS>
            <pisCofinsBaseCalculoFundamentoLegalCodigo>00</pisCofinsBaseCalculoFundamentoLegalCodigo>
            <pisCofinsBaseCalculoPercentualReducao>00000</pisCofinsBaseCalculoPercentualReducao>
            <pisCofinsBaseCalculoValor>000000052477999</pisCofinsBaseCalculoValor>
            <pisCofinsFundamentoLegalReducaoCodigo>00</pisCofinsFundamentoLegalReducaoCodigo>
            <pisCofinsRegimeTributacaoCodigo>1</pisCofinsRegimeTributacaoCodigo>
            <pisCofinsRegimeTributacaoNome>RECOLHIMENTO INTEGRAL</pisCofinsRegimeTributacaoNome>
            <pisPasepAliquotaAdValorem>00210</pisPasepAliquotaAdValorem>
            <pisPasepAliquotaEspecificaQuantidadeUnidade>000000000</pisPasepAliquotaEspecificaQuantidadeUnidade>
            <pisPasepAliquotaEspecificaValor>0000000000</pisPasepAliquotaEspecificaValor>
            <pisPasepAliquotaReduzida>00000</pisPasepAliquotaReduzida>
            <pisPasepAliquotaValorDevido>000000001102037</pisPasepAliquotaValorDevido>
            <pisPasepAliquotaValorRecolher>000000001102037</pisPasepAliquotaValorRecolher>
            <relacaoCompradorVendedor>Fabricante não é o Exportador</relacaoCompradorVendedor>
            <seguroMoedaNegociadaCodigo>000</seguroMoedaNegociadaCodigo>
            <seguroValorMoedaNegociada>000000000006399</seguroValorMoedaNegociada>
            <seguroValorReais>000000000034572</seguroValorReais>
            <sequencialRetificacao>01</sequencialRetificacao>
            <valorMultaARecolher>000000000000000</valorMultaARecolher>
            <valorMultaARecolherAjustado>000000000000000</valorMultaARecolherAjustado>
            <valorReaisFreteInternacional>000000002239399</valorReaisFreteInternacional>
            <valorReaisSeguroInternacional>000000000034572</valorReaisSeguroInternacional>
            <valorTotalCondicaoVenda>970000000000</valorTotalCondicaoVenda>
            <vinculoCompradorVendedor>Não há vinculação entre comprador e vendedor.</vinculoCompradorVendedor>
        </adicao>
        <armazem>
            <nomeArmazem>SEPETIBA  </nomeArmazem>
        </armazem>
        <armazenamentoRecintoAduaneiroCodigo>7961304</armazenamentoRecintoAduaneiroCodigo>
        <armazenamentoRecintoAduaneiroNome>INST.PORT.MAR.ALF.USO PUBLICO-SEPETIBA TECON S/A-ITAGUAÍ-RJ</armazenamentoRecintoAduaneiroNome>
        <armazenamentoSetor>001</armazenamentoSetor>
        <canalSelecaoParametrizada>003</canalSelecaoParametrizada>
        <caracterizacaoOperacaoCodigoTipo>1</caracterizacaoOperacaoCodigoTipo>
        <caracterizacaoOperacaoDescricaoTipo>Importação Própria</caracterizacaoOperacaoDescricaoTipo>
        <cargaDataChegada>20201024</cargaDataChegada>
        <cargaNumeroAgente>N/I</cargaNumeroAgente>
        <cargaPaisProcedenciaCodigo>538</cargaPaisProcedenciaCodigo>
        <cargaPaisProcedenciaNome>NORUEGA</cargaPaisProcedenciaNome>
        <cargaPesoBruto>000002700000000</cargaPesoBruto>
        <cargaPesoLiquido>000002500000000</cargaPesoLiquido>
        <cargaUrfEntradaCodigo>0817800</cargaUrfEntradaCodigo>
        <cargaUrfEntradaNome>PORTO DE SANTOS</cargaUrfEntradaNome>
        <conhecimentoCargaEmbarqueData>20200925</conhecimentoCargaEmbarqueData>
        <conhecimentoCargaEmbarqueLocal>HAMBURG</conhecimentoCargaEmbarqueLocal>
        <conhecimentoCargaId>CEMERCANTE31032008</conhecimentoCargaId>
        <conhecimentoCargaIdMaster>132005216273705</conhecimentoCargaIdMaster>
        <conhecimentoCargaTipoCodigo>12</conhecimentoCargaTipoCodigo>
        <conhecimentoCargaTipoNome>HBL - House Bill of Lading</conhecimentoCargaTipoNome>
        <conhecimentoCargaUtilizacao>1</conhecimentoCargaUtilizacao>
        <conhecimentoCargaUtilizacaoNome>Total</conhecimentoCargaUtilizacaoNome>
        <dataDesembaraco>20201124</dataDesembaraco>
        <dataRegistro>20201112</dataRegistro>
        <documentoChegadaCargaCodigoTipo>1</documentoChegadaCargaCodigoTipo>
        <documentoChegadaCargaNome>Manifesto da Carga</documentoChegadaCargaNome>
        <documentoChegadaCargaNumero>152501962125</documentoChegadaCargaNumero>
        <documentoInstrucaoDespacho>
            <codigoTipoDocumentoDespacho>28</codigoTipoDocumentoDespacho>
            <nomeDocumentoDespacho>CONHECIMENTO DE CARGA                                       </nomeDocumentoDespacho>
            <numeroDocumentoDespacho>SUDU80820A8V8004         </numeroDocumentoDespacho>
        </documentoInstrucaoDespacho>
        <documentoInstrucaoDespacho>
            <codigoTipoDocumentoDespacho>29</codigoTipoDocumentoDespacho>
            <nomeDocumentoDespacho>ROMANEIO DE CARGA                                           </nomeDocumentoDespacho>
            <numeroDocumentoDespacho>S/N                      </numeroDocumentoDespacho>
        </documentoInstrucaoDespacho>
        <documentoInstrucaoDespacho>
            <codigoTipoDocumentoDespacho>01</codigoTipoDocumentoDespacho>
            <nomeDocumentoDespacho>FATURA COMERCIAL                                            </nomeDocumentoDespacho>
            <numeroDocumentoDespacho>7139                     </numeroDocumentoDespacho>
        </documentoInstrucaoDespacho>
        <documentoInstrucaoDespacho>
            <codigoTipoDocumentoDespacho>02</codigoTipoDocumentoDespacho>
            <nomeDocumentoDespacho>CERTIFICADO DE ORIGEM                                       </nomeDocumentoDespacho>
            <numeroDocumentoDespacho>S/N                      </numeroDocumentoDespacho>
        </documentoInstrucaoDespacho>
        <dossie>
            <dossieDataVinculacao>13112020</dossieDataVinculacao>
            <dossieHoraVinculacao>110657</dossieHoraVinculacao>
            <dossieNumero>202000090407164</dossieNumero>
            <indicadorDossieVazio>N</indicadorDossieVazio>
        </dossie>
        <embalagem>
            <codigoTipoEmbalagem>19</codigoTipoEmbalagem>
            <nomeEmbalagem>CAIXA DE PAPELAO                                            </nomeEmbalagem>
            <quantidadeVolume>01000</quantidadeVolume>
        </embalagem>
        <freteCollect>000000000014550</freteCollect>
        <freteEmTerritorioNacional>000000000000000</freteEmTerritorioNacional>
        <freteMoedaNegociadaCodigo>220</freteMoedaNegociadaCodigo>
        <freteMoedaNegociadaNome>DOLAR DOS EUA</freteMoedaNegociadaNome>
        <fretePrepaid>000000000400000</fretePrepaid>
        <freteTotalDolares>000000000414550</freteTotalDolares>
        <freteTotalMoeda>414550</freteTotalMoeda>
        <freteTotalReais>000000002239399</freteTotalReais>
        <icms>
            <agenciaIcms>00000</agenciaIcms>
            <bancoIcms>000</bancoIcms>
            <codigoTipoRecolhimentoIcms>3</codigoTipoRecolhimentoIcms>
            <cpfResponsavelRegistro>24514764000</cpfResponsavelRegistro>
            <dataRegistro>20201113</dataRegistro>
            <horaRegistro>001212</horaRegistro>
            <nomeTipoRecolhimentoIcms>Exoneração do ICMS</nomeTipoRecolhimentoIcms>
            <numeroSequencialIcms>001</numeroSequencialIcms>
            <ufIcms>RJ</ufIcms>
            <valorTotalIcms>000000000000000</valorTotalIcms>
        </icms>
        <importadorCodigoTipo>1</importadorCodigoTipo>
        <importadorCpfRepresentanteLegal>35197811749</importadorCpfRepresentanteLegal>
        <importadorEnderecoBairro>CAMPO ALEGRE</importadorEnderecoBairro>
        <importadorEnderecoCep>26373270</importadorEnderecoCep>
        <importadorEnderecoComplemento>LOTE: 3; QUADRA: 10</importadorEnderecoComplemento>
        <importadorEnderecoLogradouro>RIO DE JANEIRO</importadorEnderecoLogradouro>
        <importadorEnderecoMunicipio>QUEIMADOS</importadorEnderecoMunicipio>
        <importadorEnderecoNumero>S/N</importadorEnderecoNumero>
        <importadorEnderecoUf>RJ</importadorEnderecoUf>
        <importadorNome>SANES BRASIL AGROINDUSTRIAL LTDA</importadorNome>
        <importadorNomeRepresentanteLegal>JANETE SHERIDAN MOREIRA FERREIRA</importadorNomeRepresentanteLegal>
        <importadorNumero>03718276000106</importadorNumero>
        <importadorNumeroTelefone>21  26639300</importadorNumeroTelefone>
        <informacaoComplementar>N/REFERENCIA: I-183/20
            S/REFERENCIA: SAN-4864
            CONHECIMENTO DE CARGA: SUDU80820A8V8004
            ROMANEIO DE CARGA: S/N
            FATURA COMERCIAL: 7139
            CERTIFICADO DE ORIGEM: S/N
            MASTER: SUDU80820A8V8004
            EMISSAO: 25/09/20
            CHEGADA: 20/10/20
            LOCAL DE EMBARQUE: ALESUND
            VOLUMES 1 OUTROS
            CONTAINER: MNBU0522930
            ******** MOEDAS UTILIZADAS ********
            FOB : 220 DOLAR DOS EUA 5,402000000
            FRETE : 220 DOLAR DOS EUA 5,402000000
            SEGURO: 220 DOLAR DOS EUA 5,402000000
            ******** RESUMO DE VALORES TOTAIS DO PROCESSO ********
            FOB......... R$ 502.040,27 US$ 92.936,00
            Acr.Tributo. R$ 785,99 US$ 145,50
            Frete Intl.. R$ 21.608,00 US$ 4.000,00
            Seguro...... R$ 345,73 US$ 64,00
            Vr.Aduaneiro R$ 524.779,99 US$ 97.145,50
            ********************** RESUMO DE TRIBUTOS ***********************
            BASE DE CALCULO (PIS/COFINS)... R$ 524.779,99
            5602-PIS/PASEP ( 2.10% )....... R$ 11.020,38
            5629-COFINS ( 9.65% )....... R$ 50.641,27
            =================================================================
            ADICAO 001 NCM: 0305.53.10
            VALOR ADUANEIRO................ R$ 524.779,99
            DESPESAS....................... R$ 5.834,19
            I.I. ( 0.00% ) ................ R$ 0,00
            I.P.I. ( 5.00% )............... R$ 26.239,00
            PIS ( 2.10% ).................. R$ 11.020,38
            COFINS ( 9.65% )............... R$ 50.641,27
            VALOR BASE DO ICMS ( 9% )...... R$ 679.686,63
            ICMS ( 9% ).................... R$ 61.171,80 (EXONERADO)
            =================================================================
            ******** RESUMO DO CALCULO DO ICMS ********
            Valor Total do ICMS ( EXONERADO )........: R$ 61.171,80
            =================================================================
            =================================================================
            ******** RESUMO DOS TRIBUTOS RECOLHIDOS ********
            Imposto de Importacao.................R$ 0,00
            Imposto Prod. Industrializados........R$ 26.239,00
            PIS/PASEP.............................R$ 11.020,38
            COFINS................................R$ 50.641,27
            Taxa de Utilizacao do SISCOMEX........R$ 214,50
            Total ................................R$ 88.115,15
            -----------------------------------------------------------------
            DESPACHANTE ADUANEIRO RUY ROCHA VALVERDE-7D/00027
            DESPACHANTE ADUANEIRO ENIO LOPES DE SIQUEIRA-7D/00456
            DESPACHANTE ADUANEIRO JANETE SHERIDAN MOREIRA FERREIRA-7D/00523
            DESPACHANTE ADUANEIRO EZEQUIEL DAHER DE AZEVEDO-7D/02368
            AJUDANTE DE DESPACHANTE ADUANEIRO LUIZ FELIPE NETTO DE
            SIQUEIRA-CPF 121.280.267-50
            -----------------------------------------------------------------
            RESULTADO DA CONFERÊNCIA ADUANEIRA.Foram observadas as seguintes divergências passíveis de retificação:INTIMAÇÃO1. QUANTIDADE DE VOLUMESRetificar a quantidade de volumes conforme consignado no respectivo conhecimento de carga (1.000 volumes).2. PORTO DE EMBARQUERetificar o local d embarque da carga conforme consignado no respectivo conhecimento de carga (Porto de Hamburgo Alemanha). Recolher a multa cabível de 1% sobre o VA, por porto de embarque declarado incorretamente, prevista no Art. 711 Par. 1o, Inc. V, do Decreto 6.759/09 do R.A., c/c Art. 84 da MP 2.158-35 Art. 69, Inc V da Lei 10.833/03; c/c inciso IV, artigo 81 da Lei 10833/03 (sem redução); c/c artigo 69, Lei 10833/03 (Multa mínima de R$ 500,00 e máxima de até 10% do Valor Aduaneiro total da DI).</informacaoComplementar>
        <localDescargaTotalDolares>000000009714550</localDescargaTotalDolares>
        <localDescargaTotalReais>000000052477999</localDescargaTotalReais>
        <localEmbarqueTotalDolares>000000009293600</localEmbarqueTotalDolares>
        <localEmbarqueTotalReais>000000050204027</localEmbarqueTotalReais>
        <modalidadeDespachoCodigo>1</modalidadeDespachoCodigo>
        <modalidadeDespachoNome>Normal</modalidadeDespachoNome>
        <numeroDI>2018077537</numeroDI>
        <operacaoFundap>N</operacaoFundap>
        <pagamento>
            <agenciaPagamento>3437 </agenciaPagamento>
            <bancoPagamento>001</bancoPagamento>
            <codigoReceita>1038</codigoReceita>
            <codigoTipoPagamento>1</codigoTipoPagamento>
            <contaPagamento>0000000000001151924</contaPagamento>
            <dataPagamento>20201112</dataPagamento>
            <nomeTipoPagamento>Débito em Conta</nomeTipoPagamento>
            <numeroRetificacao>00</numeroRetificacao>
            <valorJurosEncargos>000000000</valorJurosEncargos>
            <valorMulta>000000000</valorMulta>
            <valorReceita>000000002623900</valorReceita>
        </pagamento>
        <pagamento>
            <agenciaPagamento>3437 </agenciaPagamento>
            <bancoPagamento>001</bancoPagamento>
            <codigoReceita>5602</codigoReceita>
            <codigoTipoPagamento>1</codigoTipoPagamento>
            <contaPagamento>0000000000001151924</contaPagamento>
            <dataPagamento>20201112</dataPagamento>
            <nomeTipoPagamento>Débito em Conta</nomeTipoPagamento>
            <numeroRetificacao>00</numeroRetificacao>
            <valorJurosEncargos>000000000</valorJurosEncargos>
            <valorMulta>000000000</valorMulta>
            <valorReceita>000000001102038</valorReceita>
        </pagamento>
        <pagamento>
            <agenciaPagamento>3437 </agenciaPagamento>
            <bancoPagamento>001</bancoPagamento>
            <codigoReceita>5629</codigoReceita>
            <codigoTipoPagamento>1</codigoTipoPagamento>
            <contaPagamento>0000000000001151924</contaPagamento>
            <dataPagamento>20201112</dataPagamento>
            <nomeTipoPagamento>Débito em Conta</nomeTipoPagamento>
            <numeroRetificacao>00</numeroRetificacao>
            <valorJurosEncargos>000000000</valorJurosEncargos>
            <valorMulta>000000000</valorMulta>
            <valorReceita>000000005064127</valorReceita>
        </pagamento>
        <pagamento>
            <agenciaPagamento>3437 </agenciaPagamento>
            <bancoPagamento>001</bancoPagamento>
            <codigoReceita>7811</codigoReceita>
            <codigoTipoPagamento>1</codigoTipoPagamento>
            <contaPagamento>0000000000001151924</contaPagamento>
            <dataPagamento>20201112</dataPagamento>
            <nomeTipoPagamento>Débito em Conta</nomeTipoPagamento>
            <numeroRetificacao>00</numeroRetificacao>
            <valorJurosEncargos>000000000</valorJurosEncargos>
            <valorMulta>000000000</valorMulta>
            <valorReceita>000000000021450</valorReceita>
        </pagamento>
        <pagamento>
            <agenciaPagamento>0436 </agenciaPagamento>
            <bancoPagamento>237</bancoPagamento>
            <codigoReceita>2185</codigoReceita>
            <codigoTipoPagamento>1</codigoTipoPagamento>
            <contaPagamento>0000000000000230403</contaPagamento>
            <dataPagamento>20201123</dataPagamento>
            <nomeTipoPagamento>Débito em Conta</nomeTipoPagamento>
            <numeroRetificacao>01</numeroRetificacao>
            <valorJurosEncargos>000000000</valorJurosEncargos>
            <valorMulta>000000000</valorMulta>
            <valorReceita>000000000524779</valorReceita>
        </pagamento>
        <seguroMoedaNegociadaCodigo>220</seguroMoedaNegociadaCodigo>
        <seguroMoedaNegociadaNome>DOLAR DOS EUA</seguroMoedaNegociadaNome>
        <seguroTotalDolares>000000000006400</seguroTotalDolares>
        <seguroTotalMoedaNegociada>000000000006400</seguroTotalMoedaNegociada>
        <seguroTotalReais>000000000034572</seguroTotalReais>
        <sequencialRetificacao>01</sequencialRetificacao>
        <situacaoEntregaCarga>ENTREGA CONDICIONADA A APRESENTACAO E RETENCAO DOS SEGUINTES DOCUMENTOS: DOCUMENTO DE EXONERACAO DO ICMS</situacaoEntregaCarga>
        <tipoDeclaracaoCodigo>01</tipoDeclaracaoCodigo>
        <tipoDeclaracaoNome>CONSUMO</tipoDeclaracaoNome>
        <totalAdicoes>001</totalAdicoes>
        <urfDespachoCodigo>0717800</urfDespachoCodigo>
        <urfDespachoNome>PORTO DE ITAGUAI</urfDespachoNome>
        <valorTotalMultaARecolher>000000000000000</valorTotalMultaARecolher>
        <valorTotalMultaARecolherAjustado>000000000000000</valorTotalMultaARecolherAjustado>
        <viaTransporteCodigo>01</viaTransporteCodigo>
        <viaTransporteMultimodal>N</viaTransporteMultimodal>
        <viaTransporteNome>MARÍTIMA</viaTransporteNome>
        <viaTransporteNomeTransportador>HAMBURG SUD SUDAMERIKANISCHE</viaTransporteNomeTransportador>
        <viaTransporteNomeVeiculo>CAP SAN LORENZO</viaTransporteNomeVeiculo>
        <viaTransportePaisTransportadorCodigo>023</viaTransportePaisTransportadorCodigo>
        <viaTransportePaisTransportadorNome>ALEMANHA</viaTransportePaisTransportadorNome>
    </declaracaoImportacao>
</ListaDeclaracoes>
