<?xml version="1.0" encoding="UTF-8"?>
<NFe><infNFe Id="2016939116"><ide><cUF></cUF><cNF></cNF><natOp></natOp><mod>0</mod><serie>2016939116</serie><nNF /><dEmi>2020-10-27</dEmi><dSaiEnt>2020-09-27</dSaiEnt><tpNF>0</tpNF><idDest>1</idDest><cMunFG>0</cMunFG><tpImp>1</tpImp><tipEmis>1</tipEmis><cDV>1</cDV><tpAmb>1</tpAmb><finNFe>1</finNFe><indFinal>1</indFinal><indPres>0</indPres><procEmi>0</procEmi></ide><emit><CNPJ></CNPJ><xNome>QINGDAO YIFAN SHUNFENG FOODSTUFFS CO.,LTD</xNome><xFant>QINGDAO YIFAN SHUNFENG FOODSTUFFS CO.,LTD</xFant><enderEmit><xLgr>ROOM 495 - HONGLIUHE ROAD</xLgr><nro>575</nro><xCpl>HUANGDAO DISTRICT</xCpl><xBairro>ROOM 495 - HONGLIUHE ROAD</xBairro><cMun></cMun><xMun>QINGDAO</xMun><UF></UF><CEP></CEP><cPais>160</cPais><xPais>CHINA, REPUBLICA POPULAR</xPais><fone></fone></enderEmit><IE></IE><CRT></CRT></emit><dest><CNPJ></CNPJ><xNome>QINGDAO YIFAN SHUNFENG FOODSTUFFS CO.,LTD</xNome><enderDest><xLgr>ROOM 495 - HONGLIUHE ROAD</xLgr><nro></nro><xBairro></xBairro><cMun></cMun><xMun></xMun><UF></UF><CEP></CEP><cPais></cPais><xPais>CHINA, REPUBLICA POPULAR</xPais><fone></fone></enderDest><indIEDest></indIEDest><IE></IE><email></email></dest><det nIem="1"><prod><cProd>0</cProd><cEAN></cEAN><xProd>ALHO REFRIGERADO CHINES, ACONDICIONADOS EM CAIXAS DE PAPEL�O COM 10 KGS LIQUIDOS CADA, SAFRA 2020. CALIBRE 5,5-6,0CM, TIPO ESPECIAL. MARCA SANES.</xProd><NCM>07032090</NCM><CFOP>3101</CFOP><uCom>CAIXAS</uCom><cEANTrib></cEANTrib><uTrib>CAIXAS</uTrib><qTrib>5200.0</qTrib><vUnTrib>CAIXAS</vUnTrib><indTot></indTot><xPed></xPed><nItemPed></nItemPed><qCom>5200.0</qCom><vUnCom>10.4</vUnCom><DI><nDI>2016939116</nDI><dDI>20201027</dDI><xLocDesemb>RIO DE JANEIRO</xLocDesemb><UFDesemb>RJ</UFDesemb><dDesemb>2021-02-12</dDesemb><tpViaTransp>1</tpViaTransp><vAFRMM>0201</vAFRMM><tpIntermedio>1</tpIntermedio><cExportador>QINGDAO YIFAN SHUNFENG FOODSTUFFS CO.,LTD</cExportador><adi><nAdicao>1</nAdicao><nSeqAdic>1</nSeqAdic><cFabricante>QINGDAO YIFAN SHUNFENG FOODSTUFFS CO.,LTD</cFabricante></adi></DI></prod></det><det nIem="2"><prod><cProd>0</cProd><cEAN></cEAN><xProd>ALHO REFRIGERADO CHINES, ACONDICIONADOS EM CAIXAS DE PALELAO  COM 10 KGS LIQUIDOS CADA, SAFRA 2020. CALIBRE 6,0-6,5CM, TIPO ESPECIAL. MARCA SANES.</xProd><NCM>07032090</NCM><CFOP>3101</CFOP><uCom>CAIXAS</uCom><cEANTrib></cEANTrib><uTrib>CAIXAS</uTrib><qTrib>2600.0</qTrib><vUnTrib>CAIXAS</vUnTrib><indTot></indTot><xPed></xPed><nItemPed></nItemPed><qCom>2600.0</qCom><vUnCom>10.7</vUnCom><DI><nDI>2016939116</nDI><dDI>20201027</dDI><xLocDesemb>RIO DE JANEIRO</xLocDesemb><UFDesemb>RJ</UFDesemb><dDesemb>2021-02-12</dDesemb><tpViaTransp>1</tpViaTransp><vAFRMM>0201</vAFRMM><tpIntermedio>1</tpIntermedio><cExportador>QINGDAO YIFAN SHUNFENG FOODSTUFFS CO.,LTD</cExportador><adi><nAdicao>1</nAdicao><nSeqAdic>1</nSeqAdic><cFabricante>QINGDAO YIFAN SHUNFENG FOODSTUFFS CO.,LTD</cFabricante></adi></DI></prod></det><total><ICMSTot><vBC>00000</vBC><vICMS>000000000000000</vICMS><vICMSDeson>000000000000000</vICMSDeson><vFCP></vFCP><vBCST></vBCST><vST></vST><vFCPST></vFCPST><vFCPSTRet></vFCPSTRet><vProd>00000000000104000000</vProd><vFrete>0</vFrete><vSeg></vSeg><vDesc>000000000000000</vDesc><vII></vII><vIPIDevol></vIPIDevol><vPIS>00210</vPIS><vCOFINS>00965</vCOFINS><vOutro>000000000000000</vOutro><vNF></vNF></ICMSTot></total><transp><modFrete>12<transporta><CNPJ>24514764000</CNPJ><xNome>SANES BRASIL AGROINDUSTRIAL LTDA</xNome><IE></IE><xEnder>RIO DE JANEIRO</xEnder><xmun>QUEIMADOS</xmun><UF>RJ</UF></transporta></modFrete><veicTransp><placa>SAN FELIPE</placa><UF></UF></veicTransp><vol><qVol>7800</qVol><pesoL>7800.0</pesoL><pesoB></pesoB></vol></transp><cobr><fat><nFat></nFat><vOrig></vOrig><vDesc></vDesc><vLiq></vLiq></fat><dup><nDup></nDup><dVenc></dVenc><vDup></vDup></dup></cobr><pag><detPag><indPag>3437</indPag><tPag>000000000</tPag><vpag>000000016256670</vpag><indPag>3437</indPag><tPag>000000000</tPag><vpag>000000034269924</vpag><indPag>3437</indPag><tPag>000000000</tPag><vpag>000000000021450</vpag></detPag></pag><infAdic><infCpl>N/REFERENCIA: I-179/20
S/REFERENCIA: SAN-4860
CONHECIMENTO DE CARGA: 240091560A
ROMANEIO DE CARGA: S/N
FATURA COMERCIAL: SAN200908
CERTIFICADO DE ORIGEM: CCPIT4802002956714
MASTER: 240091560A
EMISSAO: 09/09/20
CHEGADA: 23/10/20
LOCAL DE EMBARQUE: QINGDAO
VOLUMES 7800 CAIXA DE PAPELAO
CONTAINER: MNBU4031786, MSWU0086417, SUDU8092131
******** MOEDAS UTILIZADAS ********
FOB : 220 DOLAR DOS EUA 5,632800000
FRETE : 220 DOLAR DOS EUA 5,632800000
SEGURO: 220 DOLAR DOS EUA 5,632800000
******** RESUMO DE VALORES TOTAIS DO PROCESSO ********
FOB......... R$ 427.529,52 US$ 75.900,00
Acr.Tributo. R$ 3.149,97 US$ 559,22
Frete Intl.. R$ 32.951,88 US$ 5.850,00
Seguro...... R$ 844,92 US$ 150,00
Vr.Aduaneiro R$ 464.476,29 US$ 82.459,22
********************** RESUMO DE TRIBUTOS ***********************
BASE DE CALCULO (PIS/COFINS)... R$ 464.476,29
5602-PIS/PASEP ( 2.10% )....... R$ 0,00
5629-COFINS ( 9.65% )....... R$ 0,00
=================================================================
ADICAO 001 NCM: 0703.20.90
VALOR ADUANEIRO................ R$ 464.476,29
DESPESAS....................... R$ 9.261,16
I.I. ( 35.00% ) ............... R$ 162.566,70
I.P.I. ( 0.00% )............... R$ 0,00
ANTI-DUMPING................... R$ 342.699,24
PIS ( 2.10% ).................. R$ 0,00
COFINS ( 9.65% )............... R$ 0,00
VALOR BASE DO ICMS ( 7% )...... R$ 1.052.691,82
ICMS ( 7% ).................... R$ 73.688,43 (EXONERADO)
=================================================================
******** RESUMO DO CALCULO DO ICMS ********
Valor Total do ICMS ( EXONERADO )........: R$ 73.688,43
=================================================================
=================================================================
******** RESUMO DOS TRIBUTOS RECOLHIDOS ********
Imposto de Importacao.................R$ 162.566,70
Imposto Prod. Industrializados........R$ 0,00
PIS/PASEP.............................R$ 0,00
COFINS................................R$ 0,00
Taxa de Utilizacao do SISCOMEX........R$ 214,50
ANTI-DUMPING..........................R$ 342.699,24
Total ................................R$ 505.480,44
-----------------------------------------------------------------
DESPACHANTE ADUANEIRO RUY ROCHA VALVERDE-7D/00027
DESPACHANTE ADUANEIRO ENIO LOPES DE SIQUEIRA-7D/00456
DESPACHANTE ADUANEIRO JANETE SHERIDAN MOREIRA FERREIRA-7D/00523
DESPACHANTE ADUANEIRO EZEQUIEL DAHER DE AZEVEDO-7D/02368
AJUDANTE DE DESPACHANTE ADUANEIRO LUIZ FELIPE NETTO DE
SIQUEIRA-CPF 121.280.267-50
-----------------------------------------------------------------
SEQUENCIA: 01 | QTDNEG: 000005200,00000 | VLRUNIT 0000000000010,4000000
SEQUENCIA: 02 | QTDNEG: 000002600,00000 | VLRUNIT 0000000000010,7000000</infCpl></infAdic><infRespTec><CNPJ></CNPJ><xContato></xContato><email></email><fone></fone></infRespTec></infNFe></NFe>
