<?xml version="1.0" encoding="UTF-8"?>
<NFe><infNFe Id="2018295470"><ide><cUF></cUF><cNF></cNF><natOp></natOp><mod>0</mod><serie>2018295470</serie><nNF /><dEmi>2020-11-16</dEmi><dSaiEnt>2020-10-16</dSaiEnt><tpNF>0</tpNF><idDest>1</idDest><cMunFG>0</cMunFG><tpImp>1</tpImp><tipEmis>1</tipEmis><cDV>1</cDV><tpAmb>1</tpAmb><finNFe>1</finNFe><indFinal>1</indFinal><indPres>0</indPres><procEmi>0</procEmi></ide><emit><CNPJ></CNPJ><xNome>DOMINABILIDADE, UNIPESSOAL, LDA</xNome><xFant>DOMINABILIDADE, UNIPESSOAL, LDA</xFant><enderEmit><xLgr>RUA 25 DE ABRIL</xLgr><nro>32</nro><xCpl>3070-721</xCpl><xBairro>RUA 25 DE ABRIL</xBairro><cMun></cMun><xMun>PRAIA DA MIRA</xMun><UF></UF><CEP></CEP><cPais>607</cPais><xPais>PORTUGAL</xPais><fone></fone></enderEmit><IE></IE><CRT></CRT></emit><dest><CNPJ></CNPJ><xNome>DOMINABILIDADE, UNIPESSOAL, LDA</xNome><enderDest><xLgr>RUA 25 DE ABRIL</xLgr><nro></nro><xBairro></xBairro><cMun></cMun><xMun></xMun><UF></UF><CEP></CEP><cPais></cPais><xPais>PORTUGAL</xPais><fone></fone></enderDest><indIEDest></indIEDest><IE></IE><email></email></dest><det nIem="1"><prod><cProd>0</cProd><cEAN></cEAN><xProd>AZEITONAS GALEGA PORTUGUESA, EM SALMOURA. ACONDICIONADAS EM 616 BARRICAS PL�STICAS DE 20KG LIQUIDOS ESCORRIDOS CADA. LOTE: GA200819</xProd><NCM>20057000</NCM><CFOP>3101</CFOP><uCom>QUILOGRAMAS</uCom><cEANTrib></cEANTrib><uTrib>QUILOGRAMAS</uTrib><qTrib>12320.0</qTrib><vUnTrib>QUILOGRAMAS</vUnTrib><indTot></indTot><xPed></xPed><nItemPed></nItemPed><qCom>12320.0</qCom><vUnCom>1.86</vUnCom><DI><nDI>2018295470</nDI><dDI>20201116</dDI><xLocDesemb>RIO DE JANEIRO</xLocDesemb><UFDesemb>RJ</UFDesemb><dDesemb>2021-02-12</dDesemb><tpViaTransp>1</tpViaTransp><vAFRMM>0201</vAFRMM><tpIntermedio>1</tpIntermedio><cExportador>DOMINABILIDADE, UNIPESSOAL, LDA</cExportador><adi><nAdicao>1</nAdicao><nSeqAdic>1</nSeqAdic><cFabricante>DOMINABILIDADE, UNIPESSOAL, LDA</cFabricante></adi></DI></prod></det><total><ICMSTot><vBC>00000</vBC><vICMS>000000000000000</vICMS><vICMSDeson>000000000000000</vICMSDeson><vFCP></vFCP><vBCST></vBCST><vST></vST><vFCPST></vFCPST><vFCPSTRet></vFCPSTRet><vProd>00000000000018600000</vProd><vFrete>0</vFrete><vSeg></vSeg><vDesc>000000000000000</vDesc><vII></vII><vIPIDevol></vIPIDevol><vPIS>00210</vPIS><vCOFINS>00965</vCOFINS><vOutro>000000000000000</vOutro><vNF></vNF></ICMSTot></total><transp><modFrete>12<transporta><CNPJ>24514764000</CNPJ><xNome>SANES BRASIL AGROINDUSTRIAL LTDA</xNome><IE></IE><xEnder>RIO DE JANEIRO</xEnder><xmun>QUEIMADOS</xmun><UF>RJ</UF></transporta></modFrete><veicTransp><placa>SKYROS</placa><UF></UF></veicTransp><vol><qVol>1232</qVol><pesoL>1232.0</pesoL><pesoB></pesoB></vol></transp><cobr><fat><nFat></nFat><vOrig></vOrig><vDesc></vDesc><vLiq></vLiq></fat><dup><nDup></nDup><dVenc></dVenc><vDup></vDup></dup></cobr><pag><detPag><indPag>3437</indPag><tPag>000000000</tPag><vpag>000000002088807</vpag><indPag>3437</indPag><tPag>000000000</tPag><vpag>000000000313321</vpag><indPag>3437</indPag><tPag>000000000</tPag><vpag>000000001439785</vpag><indPag>3437</indPag><tPag>000000000</tPag><vpag>000000000021450</vpag></detPag></pag><infAdic><infCpl>N/REFERENCIA: I-181/20
S/REFERENCIA: SAN-4861
CONHECIMENTO DE CARGA: HLCULI2200903720
ROMANEIO DE CARGA: S/N
FATURA COMERCIAL: FT 1/122
MASTER: HLCULI2200903720
EMISSAO: 05/10/20
CHEGADA: 14/10/20
LOCAL DE EMBARQUE: SINES
VOLUMES 1 OUTROS
CONTAINER: HLBU2342178
******** MOEDAS UTILIZADAS ********
FOB : 978 URO/COM.EUROPE 6,484800000
FRETE : 978 URO/COM.EUROPE 6,484800000
SEGURO: 978 URO/COM.EUROPE 6,484800000
DOLAR : 220 DOLAR DOS EUA 5,485400000
******** RESUMO DE VALORES TOTAIS DO PROCESSO ********
FOB......... R$ 143.570,46 US$ 26.173,20
Acr.Tributo. R$ 600,00 US$ 109,38
Frete Intl.. R$ 4.435,60 US$ 808,62
Seguro...... R$ 594,40 US$ 108,36
Vr.Aduaneiro R$ 149.200,49 US$ 27.199,56
********************** RESUMO DE TRIBUTOS ***********************
BASE DE CALCULO (PIS/COFINS)... R$ 149.200,49
5602-PIS/PASEP ( 2.10% )....... R$ 3.133,21
5629-COFINS ( 9.65% )....... R$ 14.397,85
=================================================================
ADICAO 001 NCM: 2005.70.00
VALOR ADUANEIRO................ R$ 149.200,49
DESPESAS....................... R$ 1.494,60
I.I. ( 14.00% ) ............... R$ 20.888,07
I.P.I. ( 0.00% )............... R$ 0,00
PIS ( 2.10% ).................. R$ 3.133,21
COFINS ( 9.65% )............... R$ 14.397,85
VALOR BASE DO ICMS ( 18% )..... R$ 230.627,10
ICMS ( 18% )................... R$ 41.512,88 (EXONERADO)
=================================================================
******** RESUMO DO CALCULO DO ICMS ********
Valor Total do ICMS ( EXONERADO )........: R$ 41.512,88
=================================================================
=================================================================
******** RESUMO DOS TRIBUTOS RECOLHIDOS ********
Imposto de Importacao.................R$ 20.888,07
Imposto Prod. Industrializados........R$ 0,00
PIS/PASEP.............................R$ 3.133,21
COFINS................................R$ 14.397,85
Taxa de Utilizacao do SISCOMEX........R$ 214,50
Total ................................R$ 38.633,63
-----------------------------------------------------------------
DESPACHANTE ADUANEIRO RUY ROCHA VALVERDE-7D/00027
DESPACHANTE ADUANEIRO ENIO LOPES DE SIQUEIRA-7D/00456
DESPACHANTE ADUANEIRO JANETE SHERIDAN MOREIRA FERREIRA-7D/00523
DESPACHANTE ADUANEIRO EZEQUIEL DAHER DE AZEVEDO-7D/02368
AJUDANTE DE DESPACHANTE ADUANEIRO LUIZ FELIPE NETTO DE
SIQUEIRA-CPF 121.280.267-50
-----------------------------------------------------------------
SEQUENCIA: 01 | QTDNEG: 000012320,00000 | VLRUNIT 0000000000001,8600000</infCpl></infAdic><infRespTec><CNPJ></CNPJ><xContato></xContato><email></email><fone></fone></infRespTec></infNFe></NFe>
